index,average,changeOverTime,close,date,high,label,low,marketAverage,marketChangeOverTime,marketClose,marketHigh,marketLow,marketNotional,marketNumberOfTrades,marketOpen,marketVolume,notional,numberOfTrades,open,volume
2019-04-12 09:30:00,109.23,0.0,109.25,20190412,109.42,09:30 AM,109.095,109.24,0.0,109.245,109.5,108.88,64746008.5985,1428,109.44,592695,464774.745,38,109.265,4255
2019-04-12 09:31:00,109.649,0.003835942506637343,109.76,20190412,109.79,09:31 AM,109.32,109.563,0.0029567923837422877,109.79,109.83,109.121,25554935.9027,939,109.26,233245,451755.33,37,109.36,4120
2019-04-12 09:32:00,109.802,0.005236656596173239,109.795,20190412,109.88,09:32 AM,109.74,109.8,0.00512632735261811,109.807,109.88,109.71,26064567.1877,759,109.785,237381,308542.45,24,109.82,2810
2019-04-12 09:33:00,109.777,0.005007781744941839,109.76,20190412,109.82,09:33 AM,109.75,109.779,0.004934090076894924,109.77,109.868,109.72,12553555.1668,635,109.826,114353,564910.57,32,109.79,5146
2019-04-12 09:34:00,109.777,0.005007781744941839,109.71,20190412,109.895,09:34 AM,109.645,109.8,0.00512632735261811,109.71,109.94,109.57,24618205.0567,999,109.77,224210,411334.13,39,109.775,3747
2019-04-12 09:35:00,109.929,0.006399340840428436,110.02,20190412,110.02,09:35 AM,109.71,109.968,0.0066642255584035935,110.02,110.03,109.69,66550312.4543,1664,109.71,605180,1181297.21,75,109.71,10746
2019-04-12 09:36:00,110.199,0.008871189233726944,110.41,20190412,110.41,09:36 AM,110.02,110.168,0.008495056755767224,110.435,110.44,110.0,33044602.17,1386,110.02,299948,334454.95,28,110.03,3035
2019-04-12 09:37:00,110.504,0.011663462418749436,110.45,20190412,110.58,09:37 AM,110.43,110.504,0.011570853167338064,110.451,110.61,110.42,27641385.0373,1192,110.44,250139,648658.27,46,110.44,5870
2019-04-12 09:38:00,110.635,0.012862766639201694,110.62,20190412,110.72,09:38 AM,110.45,110.624,0.012669351885756136,110.66,110.74,110.445,16791479.9289,877,110.45,151788,690584.765,49,110.45,6242
2019-04-12 09:39:00,110.782,0.014208550764441934,110.92,20190412,110.93,09:39 AM,110.62,110.769,0.013996704503844843,110.92,110.95,110.62,16590815.3111,831,110.67,149778,507493.28,57,110.62,4581
2019-04-12 09:40:00,110.788,0.01426348072873746,110.76,20190412,110.91,09:40 AM,110.69,110.785,0.01414317099963385,110.76,110.92,110.69,22453451.6984,1116,110.91,202675,624401.32,45,110.91,5636
2019-04-12 09:41:00,110.769,0.014089535841801715,110.6,20190412,110.87,09:41 AM,110.57,110.743,0.01375869644818748,110.61,110.88,110.51,14469337.4637,819,110.76,130657,336074.36,40,110.79,3034
2019-04-12 09:42:00,110.633,0.0128444566511031,110.74,20190412,110.76,09:42 AM,110.55,110.645,0.012861589161479323,110.74,110.76,110.522,17738959.0634,943,110.603,160323,342962.29,33,110.61,3100
2019-04-12 09:43:00,110.739,0.01381488602032409,110.85,20190412,110.87,09:43 AM,110.67,110.75,0.01382277554009525,110.88,110.88,110.62,17075476.725,897,110.74,154180,512945.36,40,110.73,4632
2019-04-12 09:44:00,110.887,0.015169825139613626,110.9,20190412,110.935,09:44 AM,110.845,110.896,0.015159282314170687,110.915,110.94,110.84,12193766.21,718,110.88,109957,213901.76,21,110.845,1929
2019-04-12 09:45:00,110.934,0.015600109859928532,111.165,20190412,111.165,09:45 AM,110.805,111.023,0.016321860124496542,111.175,111.2,110.8,28050023.8609,1188,110.9,252651,260251.95,26,110.87,2346
2019-04-12 09:46:00,111.042,0.016588849217247986,110.995,20190412,111.16,09:46 AM,110.92,111.052,0.01658733064811435,111.08,111.18,110.906,16119158.1474,889,111.175,145149,380651.985,34,111.16,3428
2019-04-12 09:47:00,111.062,0.016771949098233027,111.04,20190412,111.135,09:47 AM,111.02,111.084,0.016880263639692496,111.06,111.18,111.02,10664244.3275,603,111.08,96002,263217.9,28,111.13,2370
2019-04-12 09:48:00,111.056,0.016717019133937503,111.04,20190412,111.085,09:48 AM,111.0,111.063,0.016688026363969308,111.061,111.09,111.0,16706950.2533,902,111.06,150428,354824.76,23,111.06,3195
2019-04-12 09:49:00,111.141,0.017495193628124153,111.12,20190412,111.185,09:49 AM,111.07,111.135,0.017347125595020232,111.115,111.19,111.06,15397803.2872,642,111.06,138551,179715.35,17,111.07,1617
2019-04-12 09:50:00,111.019,0.01637828435411518,111.05,20190412,111.1,09:50 AM,110.92,111.018,0.016276089344562487,111.03,111.11,110.92,9341849.814,557,111.11,84147,123675.38,12,111.1,1114
2019-04-12 09:51:00,110.957,0.01581067472306133,110.89,20190412,111.05,09:51 AM,110.89,110.985,0.015974002196997482,110.856,111.07,110.856,10953914.4821,553,111.025,98697,126157.98,14,111.05,1137
2019-04-12 09:52:00,110.801,0.01438249565137781,110.78,20190412,110.88,09:52 AM,110.75,110.803,0.014307945807396581,110.78,110.91,110.743,10509517.9513,631,110.85,94849,204981.5,19,110.86,1850
2019-04-12 09:53:00,110.735,0.01377826604412703,110.7,20190412,110.78,09:53 AM,110.7,110.737,0.01370377151226657,110.69,110.8,110.68,15528091.7125,731,110.8,140225,231657.35,26,110.74,2092
2019-04-12 09:54:00,110.534,0.011938112240227065,110.46,20190412,110.63,09:54 AM,110.41,110.559,0.012074331746612987,110.45,110.69,110.41,16437918.3211,722,110.69,148680,672267.62,41,110.63,6082
2019-04-12 09:55:00,110.558,0.012157832097409164,110.6,20190412,110.6,09:55 AM,110.475,110.543,0.011927865250823979,110.59,110.61,110.45,13739713.9374,338,110.45,124293,122277.05,11,110.475,1106
2019-04-12 09:56:00,110.632,0.012835301657053929,110.73,20190412,110.74,09:56 AM,110.6,110.638,0.012797510069571682,110.72,110.74,110.59,9707646.1516,435,110.597,87742,230667.775,19,110.61,2085
2019-04-12 09:57:00,110.744,0.013860660990570315,110.82,20190412,110.89,09:57 AM,110.7,110.784,0.014134016843647118,110.737,110.91,110.694,12371825.3041,514,110.72,111675,201885.74,22,110.71,1823
2019-04-12 09:58:00,110.708,0.013531081204797166,110.81,20190412,110.81,09:58 AM,110.62,110.729,0.013630538264372064,110.81,110.86,110.61,8053758.6249,432,110.733,72734,65760.61,9,110.73,594
2019-04-12 09:59:00,110.772,0.014117000823949481,110.92,20190412,110.92,09:59 AM,110.73,110.826,0.014518491395093359,110.93,110.95,110.72,7873439.6766,507,110.8,71043,167265.51,15,110.8,1510
2019-04-12 10:00:00,110.87,0.015014190240776347,110.87,20190412,110.92,10 AM,110.8,110.872,0.014939582570487046,110.86,110.94,110.8,7929651.3094,457,110.93,71521,240365.35,23,110.92,2168
2019-04-12 10:01:00,110.849,0.01482193536574201,110.76,20190412,110.9,10:01 AM,110.76,110.83,0.014555108019040674,110.706,110.91,110.7,8986133.4582,402,110.86,81080,111957.0,12,110.9,1010
2019-04-12 10:02:00,110.66,0.013091641490432964,110.6,20190412,110.71,10:02 AM,110.6,110.655,0.01295313072134755,110.57,110.715,110.57,4204449.2044,264,110.7,37996,245665.03,26,110.66,2220
2019-04-12 10:03:00,110.513,0.011745857365192723,110.485,20190412,110.56,10:03 AM,110.48,110.52,0.011717319663127073,110.49,110.61,110.466,10515759.9413,610,110.58,95148,265232.5,19,110.56,2400
2019-04-12 10:04:00,110.454,0.01120571271628664,110.37,20190412,110.5,10:04 AM,110.35,110.45,0.011076528744049872,110.295,110.53,110.29,9475970.3007,448,110.49,85794,142265.42,16,110.49,1288
2019-04-12 10:05:00,110.19,0.008788794287283656,110.27,20190412,110.27,10:05 AM,110.13,110.192,0.008714756499450735,110.257,110.3,110.12,14692734.991,623,110.3,133338,384671.9,22,110.26,3491
2019-04-12 10:06:00,110.283,0.009640208733864298,110.25,20190412,110.31,10:06 AM,110.23,110.27,0.009428780666422566,110.25,110.33,110.2,9016650.9115,394,110.256,81769,114473.46,12,110.23,1038
2019-04-12 10:07:00,110.255,0.009383868900485136,110.155,20190412,110.35,10:07 AM,110.155,110.258,0.009318930794580745,110.15,110.36,110.14,7120232.6665,406,110.24,64578,175856.37,16,110.24,1595
2019-04-12 10:08:00,110.286,0.009667673716012059,110.43,20190412,110.435,10:08 AM,110.215,110.29,0.00961186378615902,110.41,110.46,110.14,7794077.1296,398,110.147,70669,205903.63,16,110.22,1867
2019-04-12 10:09:00,110.388,0.01060148310903599,110.41,20190412,110.44,10:09 AM,110.33,110.392,0.010545587696814364,110.4,110.46,110.3,7033933.8357,400,110.43,63718,121427.0,11,110.36,1100
2019-04-12 10:10:00,110.473,0.011379657603222513,110.51,20190412,110.52,10:10 AM,110.39,110.451,0.011085682900036605,110.52,110.53,110.34,6327616.317000002,371,110.41,57289,133672.9,12,110.39,1210
2019-04-12 10:11:00,110.567,0.01224022704385232,110.55,20190412,110.6,10:11 AM,110.52,110.55,0.011991944342731622,110.58,110.6,110.505,10458816.7003,450,110.53,94607,130469.0,11,110.52,1180
2019-04-12 10:12:00,110.664,0.013128261466630023,110.64,20190412,110.7,10:12 AM,110.61,110.646,0.012870743317466184,110.63,110.705,110.57,6960951.4199,431,110.57,62912,135673.71,15,110.61,1226
2019-04-12 10:13:00,110.706,0.0135127712166987,110.69,20190412,110.735,10:13 AM,110.64,110.703,0.013392530208714832,110.713,110.74,110.63,8622866.582,414,110.644,77892,232924.56,12,110.64,2104
2019-04-12 10:14:00,110.694,0.01340291128810765,110.67,20190412,110.7,10:14 AM,110.63,110.68,0.013181984621018052,110.68,110.73,110.62,6200378.4263,409,110.705,56021,294004.12,21,110.7,2656
2019-04-12 10:15:00,110.588,0.01243248191888666,110.57,20190412,110.74,10:15 AM,110.52,110.594,0.012394727206151588,110.58,110.74,110.51,9200277.9471,558,110.69,83190,198505.84,22,110.685,1795
2019-04-12 10:16:00,110.489,0.011526137508010622,110.46,20190412,110.54,10:16 AM,110.43,110.485,0.011396924203588472,110.44,110.59,110.42,6416518.7194,365,110.58,58076,56902.02,6,110.54,515
2019-04-12 10:17:00,110.377,0.010500778174494107,110.33,20190412,110.44,10:17 AM,110.32,110.371,0.010353350421091178,110.332,110.44,110.31,11280237.9073,635,110.44,102203,164021.08,17,110.44,1486
2019-04-12 10:18:00,110.398,0.010693033049528443,110.4,20190412,110.48,10:18 AM,110.32,110.389,0.010518125228853908,110.42,110.49,110.305,8022406.6506,343,110.33,72674,320595.26,16,110.32,2904
2019-04-12 10:19:00,110.56,0.012176142085507628,110.57,20190412,110.6,10:19 AM,110.46,110.539,0.011891248626876664,110.56,110.61,110.43,4623846.7567,231,110.43,41830,187952.0,12,110.46,1700
2019-04-12 10:20:00,110.566,0.012231072049803155,110.47,20190412,110.63,10:20 AM,110.465,110.565,0.012129256682533895,110.47,110.64,110.45,5302574.4176,334,110.58,47959,165185.06,13,110.6,1494
2019-04-12 10:21:00,110.379,0.010519088162592704,110.28,20190412,110.49,10:21 AM,110.28,110.417,0.010774441596484866,110.29,110.5,110.28,5931138.1309,378,110.47,53716,302217.69,21,110.49,2738
2019-04-12 10:22:00,110.312,0.009905703561292629,110.36,20190412,110.36,10:22 AM,110.27,110.308,0.009776638593921751,110.39,110.39,110.23,8904688.2422,407,110.3,80726,209593.0,16,110.28,1900
2019-04-12 10:23:00,110.423,0.010921907900759843,110.46,20190412,110.46,10:23 AM,110.4,110.479,0.011341999267667562,110.58,110.59,110.36,4416635.7342,254,110.39,39977,77296.0,4,110.4,700
2019-04-12 10:24:00,110.622,0.012743751716561346,110.62,20190412,110.63,10:24 AM,110.62,110.616,0.012596118637861631,110.68,110.68,110.565,5285253.9972,262,110.59,47780,66373.0,4,110.63,600
2019-04-12 10:25:00,110.637,0.01288107662730016,110.57,20190412,110.69,10:25 AM,110.57,110.645,0.012861589161479323,110.54,110.7,110.53,5382212.6351,324,110.69,48644,129002.64,11,110.675,1166
2019-04-12 10:26:00,110.489,0.011526137508010622,110.58,20190412,110.59,10:26 AM,110.44,110.5,0.011534236543390749,110.58,110.6,110.44,5041910.2985,308,110.54,45628,144409.08,14,110.53,1307
2019-04-12 10:27:00,110.62,0.012725441728462879,110.56,20190412,110.655,10:27 AM,110.5,110.564,0.012120102526547036,110.557,110.67,110.44,5667610.4246,349,110.59,51261,189713.125,16,110.6,1715
2019-04-12 10:28:00,110.385,0.010574018126888228,110.35,20190412,110.55,10:28 AM,110.31,110.402,0.01063712925668259,110.34,110.57,110.29,8131585.712999999,463,110.56,73654,140519.75,20,110.55,1273
2019-04-12 10:29:00,110.496,0.011590222466355314,110.46,20190412,110.525,10:29 AM,110.46,110.448,0.011058220432076148,110.45,110.53,110.335,8509494.2821,366,110.34,77045,67181.58,8,110.525,608
2019-04-12 10:30:00,110.317,0.009951478531538854,110.3,20190412,110.4,10:30 AM,110.25,110.333,0.010005492493592123,110.305,110.46,110.25,9859107.1616,456,110.46,89358,126865.0,13,110.35,1150
2019-04-12 10:31:00,110.237,0.009219079007598559,110.2,20190412,110.31,10:31 AM,110.16,110.276,0.009483705602343476,110.217,110.34,110.16,8066993.4685,355,110.3,73153,81906.45,10,110.275,743
2019-04-12 10:32:00,110.148,0.00840428453721498,110.11,20190412,110.23,10:32 AM,110.07,110.124,0.008092273892347129,110.07,110.22,110.06,7485598.253,318,110.22,67974,92634.95,9,110.23,841
2019-04-12 10:33:00,110.081,0.007790899935915032,110.055,20190412,110.13,10:33 AM,110.025,110.068,0.007579641157085344,110.03,110.14,110.01,8650795.7519,465,110.07,78595,157195.16,16,110.08,1428
2019-04-12 10:34:00,109.972,0.0067930055845462824,109.89,20190412,110.09,10:34 AM,109.89,109.986,0.0068290003661663256,109.88,110.09,109.88,17145381.5023,973,110.03,155887,328488.045,32,110.0,2987
2019-04-12 10:35:00,109.949,0.006582440721413478,109.93,20190412,109.97,10:35 AM,109.89,109.932,0.0063346759428781355,109.93,109.972,109.88,6496996.6385,379,109.88,59100,136446.85,13,109.93,1241
2019-04-12 10:36:00,109.894,0.006078916048704581,109.885,20190412,109.905,10:36 AM,109.86,109.894,0.005986818015379079,109.9,109.93,109.84,5997236.0996,285,109.924,54573,170116.74,12,109.89,1548
2019-04-12 10:37:00,109.957,0.006655680673807467,110.05,20190412,110.05,10:37 AM,109.9,109.961,0.0066001464664958214,110.05,110.06,109.9,7036950.57,401,109.905,63995,57177.7,7,109.9,520
2019-04-12 10:38:00,110.019,0.007223290304861315,109.96,20190412,110.07,10:38 AM,109.96,110.024,0.00717685829366538,109.93,110.1,109.92,6828305.8676,349,110.07,62062,90545.54,10,110.07,823
2019-04-12 10:39:00,109.981,0.0068754005309895685,110.015,20190412,110.015,10:39 AM,109.92,109.962,0.006609300622482685,110.01,110.02,109.87,6878032.5037,305,109.92,62549,124608.695,11,109.92,1133
2019-04-12 10:40:00,110.038,0.007397235191797058,110.07,20190412,110.08,10:40 AM,109.97,110.033,0.007259245697546742,110.07,110.09,109.97,9407460.9395,498,110.01,85497,147340.35,16,110.02,1339
2019-04-12 10:41:00,109.936,0.006463425798773258,109.79,20190412,110.01,10:41 AM,109.79,109.866,0.0057305016477481215,109.78,110.07,109.74,8757937.6426,501,110.07,79715,116642.28,17,110.01,1061
2019-04-12 10:42:00,109.744,0.004705666941316449,109.75,20190412,109.76,10:42 AM,109.72,109.77,0.004851702673013559,109.765,109.81,109.72,6819896.5995,287,109.78,62129,68041.2,7,109.76,620
2019-04-12 10:43:00,109.749,0.004751441911562677,109.77,20190412,109.81,10:43 AM,109.7,109.746,0.004632002929329918,109.775,109.82,109.65,6955398.8302,375,109.768,63377,112931.54,15,109.81,1029
2019-04-12 10:44:00,109.737,0.004641581982971626,109.69,20190412,109.77,10:44 AM,109.69,109.735,0.004531307213474959,109.73,109.78,109.7,6427618.7402,381,109.77,58574,101616.02,14,109.76,926
2019-04-12 10:45:00,109.787,0.005099331685434424,109.79,20190412,109.81,10:45 AM,109.735,109.776,0.004906627608934469,109.792,109.822,109.729,6914368.4333,299,109.734,62986,165119.94,12,109.75,1504
2019-04-12 10:46:00,109.869,0.005850041197473183,109.935,20190412,109.94,10:46 AM,109.81,109.897,0.006014280483339535,109.95,109.96,109.8,7373565.859,400,109.8,67095,291372.9,20,109.81,2652
2019-04-12 10:47:00,110.079,0.007772589947816437,110.15,20190412,110.15,10:47 AM,109.98,110.041,0.007332478945441249,110.12,110.15,109.94,8309099.1542,430,109.95,75509,396503.145,48,110.02,3602
2019-04-12 10:48:00,110.049,0.0074979401263389435,110.01,20190412,110.11,10:48 AM,109.99,110.025,0.00718601244965224,110.01,110.13,109.96,6361522.3826,392,110.121,57819,119292.95,15,110.11,1084
2019-04-12 10:49:00,110.132,0.008257804632426998,110.135,20190412,110.135,10:49 AM,110.09,110.117,0.008028194800439488,110.155,110.16,110.01,9410116.5388,377,110.02,85456,420813.98,18,110.09,3821
2019-04-12 10:50:00,110.152,0.008440904513412041,110.14,20190412,110.21,10:50 AM,110.12,110.17,0.008513365067740817,110.15,110.23,110.12,8639106.5616,439,110.152,78416,132072.12,15,110.155,1199
2019-04-12 10:51:00,110.21,0.008971894168268697,110.26,20190412,110.26,10:51 AM,110.18,110.204,0.008824606371292554,110.29,110.29,110.13,5839736.8242,260,110.145,52990,82657.5,8,110.2,750
2019-04-12 10:52:00,110.263,0.009457108852879256,110.29,20190412,110.29,10:52 AM,110.24,110.275,0.009474551446356744,110.285,110.3,110.228,7365472.385,383,110.29,66792,101552.14,12,110.275,921
2019-04-12 10:53:00,110.379,0.010519088162592704,110.42,20190412,110.42,10:53 AM,110.27,110.355,0.010206883925302172,110.44,110.45,110.27,5127077.3308,286,110.295,46460,115897.5,10,110.3,1050
2019-04-12 10:54:00,110.402,0.010729653025725506,110.36,20190412,110.45,10:54 AM,110.36,110.407,0.01068290003661664,110.36,110.46,110.36,9006215.3072,481,110.43,81573,627633.545,45,110.42,5685
2019-04-12 10:55:00,110.363,0.010372608257804592,110.31,20190412,110.395,10:55 AM,110.31,110.36,0.01025265470523622,110.3,110.41,110.3,10538276.9944,472,110.36,95490,1042162.16,34,110.365,9443
2019-04-12 10:56:00,110.295,0.009750068662455348,110.31,20190412,110.31,10:56 AM,110.27,110.292,0.009630172098132614,110.31,110.31,110.26,4612081.6429,250,110.295,41817,168751.63,16,110.295,1530
2019-04-12 10:57:00,110.316,0.009942323537489686,110.24,20190412,110.38,10:57 AM,110.24,110.312,0.009813255217868938,110.243,110.382,110.24,4469406.8785,265,110.325,40516,222617.265,18,110.32,2018
2019-04-12 10:58:00,110.3,0.009795843632701577,110.35,20190412,110.37,10:58 AM,110.24,110.336,0.010032954961552579,110.32,110.39,110.24,5264369.5613,290,110.24,47712,44120.0,3,110.24,400
2019-04-12 10:59:00,110.326,0.010033873477982142,110.37,20190412,110.37,10:59 AM,110.305,110.335,0.010023800805565721,110.38,110.39,110.295,3620968.2055,222,110.318,32818,36738.73,5,110.31,333
2019-04-12 11:00:00,110.351,0.01026274832921354,110.33,20190412,110.385,11 AM,110.29,110.343,0.01009703405346035,110.34,110.39,110.278,5343120.7607,393,110.38,48423,139042.09,14,110.38,1260
2019-04-12 11:01:00,110.348,0.010235283347065778,110.3,20190412,110.36,11:01 AM,110.3,110.329,0.009968875869644806,110.29,110.36,110.29,4086906.3999,235,110.36,37043,24497.28,5,110.34,222
2019-04-12 11:02:00,110.305,0.009841618602947936,110.31,20190412,110.31,11:02 AM,110.25,110.292,0.009630172098132614,110.36,110.37,110.21,4621453.4825,265,110.29,41902,12133.6,3,110.275,110
2019-04-12 11:03:00,110.391,0.01062894809118375,110.455,20190412,110.455,11:03 AM,110.38,110.407,0.01068290003661664,110.45,110.47,110.34,5601050.187000001,299,110.37,50731,42942.245,5,110.38,389
2019-04-12 11:04:00,110.475,0.011397967591320977,110.475,20190412,110.475,11:04 AM,110.475,110.483,0.011378615891614877,110.495,110.514,110.435,3406305.3236,166,110.45,30831,11047.5,1,110.475,100
2019-04-12 11:05:00,110.426,0.010949372882907607,110.41,20190412,110.495,11:05 AM,110.41,110.448,0.011058220432076148,110.41,110.495,110.41,2902232.6332,159,110.495,26277,27606.605,8,110.495,250
2019-04-12 11:06:00,110.384,0.01056486313283893,110.365,20190412,110.4,11:06 AM,110.365,110.375,0.010389967045038495,110.36,110.408,110.34,3302085.2527,190,110.408,29917,22297.655,4,110.4,202
2019-04-12 11:07:00,110.425,0.01094021788885831,110.415,20190412,110.44,11:07 AM,110.415,110.418,0.010783595752471727,110.41,110.457,110.34,2723890.129,167,110.36,24669,1987.645,2,110.44,18
2019-04-12 11:08:00,110.5,0.011626842442552377,110.5,20190412,110.5,11:08 AM,110.5,110.499,0.011525082387403886,110.57,110.57,110.37,4553106.2255,189,110.41,41205,11050.0,1,110.5,100
2019-04-12 11:09:00,110.54,0.011993042204522587,110.5,20190412,110.58,11:09 AM,110.5,110.539,0.011891248626876664,110.48,110.58,110.48,2703002.9002,164,110.57,24453,45211.1,8,110.575,409
2019-04-12 11:10:00,110.485,0.011489517531813565,110.505,20190412,110.53,11:10 AM,110.47,110.498,0.011515928231417151,110.5,110.55,110.45,5594505.7354,298,110.47,50630,46293.375,7,110.475,419
2019-04-12 11:11:00,110.549,0.012075437150965877,110.59,20190412,110.6,11:11 AM,110.5,110.568,0.012156719150494351,110.595,110.62,110.48,4488856.9059,260,110.5,40598,80921.88,11,110.5,732
2019-04-12 11:12:00,110.53,0.011901492264030002,110.57,20190412,110.57,11:12 AM,110.49,110.532,0.01182716953496889,110.584,110.597,110.49,2333103.3434,140,110.595,21108,55706.96,7,110.54,504
2019-04-12 11:13:00,110.559,0.012166987091458331,110.615,20190412,110.615,11:13 AM,110.53,110.573,0.0122024899304284,110.585,110.62,110.52,3858680.7786,179,110.59,34897,46655.855,10,110.565,422
2019-04-12 11:14:00,110.608,0.012615581799871831,110.58,20190412,110.615,11:14 AM,110.58,110.61,0.012541193701940723,110.575,110.65,110.57,6273570.5791,284,110.585,56718,102422.73,5,110.59,926
2019-04-12 11:15:00,110.576,0.012322621990295608,110.62,20190412,110.63,11:15 AM,110.555,110.581,0.012275723178323034,110.63,110.64,110.545,3575755.979,219,110.57,32336,77403.0,5,110.555,700
2019-04-12 11:16:00,110.603,0.012569806829625474,110.64,20190412,110.64,11:16 AM,110.575,110.642,0.012834126693518869,110.71,110.72,110.57,4538418.7737,245,110.63,41019,34729.515,6,110.6,314
2019-04-12 11:17:00,110.65,0.013000091549940508,110.65,20190412,110.65,11:17 AM,110.65,110.686,0.013236909556938962,110.7,110.71,110.64,2103579.3431,122,110.71,19005,4868.6,1,110.65,44
2019-04-12 11:18:00,110.658,0.013073331502334496,110.67,20190412,110.68,11:18 AM,110.63,110.671,0.013099597217136686,110.725,110.725,110.63,2780504.0338,163,110.69,25124,72923.685,8,110.67,659
2019-04-12 11:19:00,110.71,0.013549391192895631,110.71,20190412,110.71,11:19 AM,110.71,110.716,0.013511534236543379,110.72,110.74,110.69,1853047.3803,124,110.71,16737,11735.26,2,110.71,106
2019-04-12 11:20:00,110.732,0.013750801061979269,110.71,20190412,110.77,11:20 AM,110.69,110.731,0.013648846576345658,110.71,110.77,110.66,5009487.0205,253,110.72,45240,110732.0,10,110.76,1000
2019-04-12 11:21:00,110.689,0.013357136317861291,110.64,20190412,110.71,11:21 AM,110.64,110.684,0.01321860124496524,110.625,110.72,110.61,2762677.4936,152,110.7,24960,56340.885,11,110.71,509
2019-04-12 11:22:00,110.629,0.012807836674906169,110.69,20190412,110.7,11:22 AM,110.59,110.633,0.012751739289637505,110.69,110.71,110.59,3348214.4626,204,110.62,30264,60293.09,8,110.6,545
2019-04-12 11:23:00,110.715,0.013595166163141988,110.72,20190412,110.725,11:23 AM,110.66,110.71,0.013456609300622473,110.73,110.74,110.67,3450497.0323,153,110.68,31167,67868.08,7,110.66,613
2019-04-12 11:24:00,110.752,0.013933900942964308,110.76,20190412,110.79,11:24 AM,110.72,110.75,0.01382277554009525,110.76,110.79,110.71,3209879.5319,200,110.72,28983,59806.01,9,110.72,540
2019-04-12 11:25:00,110.761,0.014016295889407596,110.755,20190412,110.785,11:25 AM,110.74,110.779,0.01408824606371294,110.755,110.81,110.73,3947722.632,184,110.76,35636,94036.295,12,110.75,849
2019-04-12 11:26:00,110.713,0.013576856175043393,110.69,20190412,110.74,11:26 AM,110.63,110.69,0.013273526180886149,110.693,110.755,110.62,5048450.0472,243,110.755,45609,223751.775,20,110.73,2021
2019-04-12 11:27:00,110.708,0.013531081204797166,110.71,20190412,110.72,11:27 AM,110.68,110.698,0.013346759428780651,110.73,110.73,110.66,2210748.1576,126,110.69,19971,72956.89,7,110.68,659
2019-04-12 11:28:00,110.748,0.013897280966767378,110.79,20190412,110.79,11:28 AM,110.71,110.761,0.013923471255950207,110.78,110.8,110.7,3956487.102,190,110.715,35721,52384.02,5,110.715,473
2019-04-12 11:29:00,110.78,0.014190240776343468,110.78,20190412,110.8,11:29 AM,110.77,110.781,0.014106554375686663,110.78,110.815,110.75,3636958.6960000005,206,110.785,32830,66468.0,6,110.78,600
2019-04-12 11:30:00,110.746,0.013878970978668779,110.76,20190412,110.76,11:30 AM,110.72,110.739,0.013722079824240292,110.75,110.77,110.7,3010003.6525,151,110.77,27181,52936.8,10,110.76,478
2019-04-12 11:31:00,110.658,0.013073331502334496,110.65,20190412,110.71,11:31 AM,110.64,110.678,0.01316367630904433,110.65,110.74,110.64,3095234.453,164,110.74,27966,66726.95,7,110.71,603
2019-04-12 11:32:00,110.707,0.013521926210747869,110.765,20190412,110.765,11:32 AM,110.66,110.741,0.013740388136213885,110.76,110.79,110.65,3122886.52,182,110.65,28200,44725.56,6,110.66,404
2019-04-12 11:33:00,110.742,0.013842351002471852,110.73,20190412,110.76,11:33 AM,110.73,110.703,0.013392530208714832,110.635,110.76,110.635,2707898.8093,114,110.75,24461,25470.77,4,110.75,230
2019-04-12 11:34:00,110.616,0.01268882175226582,110.62,20190412,110.635,11:34 AM,110.6,110.613,0.01256865616990118,110.62,110.635,110.58,2622413.3785,144,110.63,23708,75329.59,7,110.61,681
2019-04-12 11:35:00,110.568,0.01224938203790162,110.55,20190412,110.585,11:35 AM,110.55,110.579,0.012257414866349313,110.555,110.61,110.542,2186931.394,126,110.61,19777,36487.55,4,110.585,330
2019-04-12 11:36:00,110.556,0.012139522109310569,110.55,20190412,110.6,11:36 AM,110.55,110.569,0.012165873306481214,110.55,110.61,110.545,2040116.8861,127,110.56,18451,23769.65,7,110.56,215
2019-04-12 11:37:00,110.445,0.011123317769843351,110.46,20190412,110.51,11:37 AM,110.42,110.474,0.011296228487733512,110.49,110.55,110.41,3799085.9417,209,110.55,34389,233591.0,9,110.51,2115
2019-04-12 11:38:00,110.508,0.011700082394946366,110.505,20190412,110.51,11:38 AM,110.465,110.489,0.011433540827535787,110.51,110.53,110.445,3164502.4966,153,110.49,28641,14808.05,3,110.465,134
2019-04-12 11:39:00,110.509,0.011709237388995665,110.48,20190412,110.54,11:39 AM,110.48,110.513,0.011653240571219428,110.48,110.56,110.46,3462705.4204,199,110.52,31333,43540.44,7,110.54,394
2019-04-12 11:40:00,110.535,0.01194726723427623,110.54,20190412,110.55,11:40 AM,110.49,110.535,0.011854632002929343,110.524,110.56,110.473,3246430.2844,164,110.49,29370,77374.5,7,110.49,700
2019-04-12 11:41:00,110.524,0.011846562299734477,110.585,20190412,110.59,11:41 AM,110.515,110.554,0.01202856096667894,110.59,110.595,110.49,4833981.1034,168,110.53,43725,404738.0,17,110.54,3662
2019-04-12 11:42:00,110.661,0.01310079648448226,110.71,20190412,110.71,11:42 AM,110.59,110.667,0.013062980593189373,110.748,110.748,110.59,4797763.82,273,110.6,43353,86647.47,8,110.6,783
2019-04-12 11:43:00,110.824,0.014593060514510613,110.85,20190412,110.855,11:43 AM,110.75,110.811,0.014381179055291212,110.845,110.86,110.74,5911323.785,245,110.74,53346,229406.085,20,110.75,2070
2019-04-12 11:44:00,110.833,0.0146754554609539,110.84,20190412,110.845,11:44 AM,110.815,110.831,0.014564262175027537,110.85,110.85,110.815,3632600.1683,147,110.845,32776,96646.54,10,110.845,872
2019-04-12 11:45:00,110.838,0.014721230431200124,110.87,20190412,110.87,11:45 AM,110.8,110.834,0.014591724642987991,110.87,110.87,110.797,3560885.46,184,110.84,32128,68387.115,9,110.84,617
2019-04-12 11:46:00,110.862,0.014940950288382228,110.875,20190412,110.88,11:46 AM,110.8,110.859,0.014820578542658362,110.88,110.89,110.8,4226816.0074,246,110.855,38128,91793.48,8,110.87,828
2019-04-12 11:47:00,110.854,0.014867710335988238,110.82,20190412,110.87,11:47 AM,110.82,110.864,0.014866349322592544,110.85,110.88,110.82,2651638.1744,127,110.87,23918,44341.5,4,110.87,400
2019-04-12 11:48:00,110.927,0.015536024901583838,110.945,20190412,110.945,11:48 AM,110.86,110.904,0.01523251556206519,110.949,110.95,110.843,4257151.442,164,110.85,38386,112036.795,7,110.86,1010
2019-04-12 11:49:00,110.95,0.015746589764716643,110.94,20190412,110.965,11:49 AM,110.925,110.947,0.015626144269498425,110.94,110.97,110.92,6452023.5455,254,110.945,58154,368687.27,25,110.95,3323
2019-04-12 11:50:00,110.939,0.01564588483017476,110.98,20190412,110.98,11:50 AM,110.91,110.947,0.015626144269498425,110.96,110.98,110.9,4538835.8171,207,110.935,40910,228756.56,12,110.935,2062
2019-04-12 11:51:00,111.016,0.016350819371967418,111.04,20190412,111.05,11:51 AM,110.98,111.006,0.016166239472720664,111.04,111.05,110.95,13726946.43,431,110.96,123659,28309.07,4,110.98,255
2019-04-12 11:52:00,111.075,0.016890964020873374,111.13,20190412,111.13,11:52 AM,111.05,111.098,0.01700842182350791,111.16,111.17,111.035,5055421.5555,216,111.04,45504,44430.0,4,111.05,400
2019-04-12 11:53:00,111.111,0.017220543806646532,111.09,20190412,111.165,11:53 AM,111.07,111.133,0.01732881728304651,111.146,111.17,111.07,4422770.5275,218,111.15,39797,51999.715,10,111.165,468
2019-04-12 11:54:00,111.139,0.01747688364002556,111.145,20190412,111.15,11:54 AM,111.13,111.129,0.017292200659099324,111.14,111.15,111.1,4934894.3947,234,111.14,44407,44344.37,4,111.13,399
2019-04-12 11:55:00,111.143,0.017513503616222618,111.14,20190412,111.15,11:55 AM,111.135,111.145,0.017438667154888333,111.16,111.16,111.13,3394255.7536,188,111.13,30539,133705.42,10,111.145,1203
2019-04-12 11:56:00,111.142,0.017504348622173326,111.15,20190412,111.16,11:56 AM,111.11,111.127,0.0172738923471256,111.155,111.17,111.085,4352736.0348,207,111.16,39169,87913.56,8,111.15,791
2019-04-12 11:57:00,111.139,0.01747688364002556,111.12,20190412,111.18,11:57 AM,111.11,111.136,0.017356279751006964,111.136,111.19,111.1,7401461.1453,333,111.155,66598,89911.88,11,111.155,809
2019-04-12 11:58:00,111.147,0.01755012359241968,111.14,20190412,111.16,11:58 AM,111.14,111.148,0.017466129622848787,111.141,111.16,111.13,5339097.8732,204,111.13,48036,55906.92,6,111.15,503
2019-04-12 11:59:00,111.141,0.017495193628124153,111.15,20190412,111.15,11:59 AM,111.13,111.142,0.017411204686927875,111.13,111.16,111.13,2493032.747,115,111.15,22431,56237.48,8,111.15,506
2019-04-12 12:00:00,111.124,0.017339558729286744,111.14,20190412,111.14,12 PM,111.12,111.12,0.01720981325521796,111.13,111.14,111.1,4604704.8461,238,111.13,41439,68785.81,9,111.13,619
2019-04-12 12:01:00,111.178,0.017833928407946474,111.18,20190412,111.19,12:01 PM,111.13,111.151,0.01749359209080924,111.17,111.19,111.125,3502936.2116,167,111.135,31515,67373.78,5,111.13,606
2019-04-12 12:02:00,111.171,0.01776984344960178,111.18,20190412,111.18,12:02 PM,111.16,111.172,0.017685829366532426,111.175,111.19,111.15,3548945.1010000007,204,111.17,31923,79598.275,8,111.16,716
2019-04-12 12:03:00,111.232,0.0183282980866062,111.245,20190412,111.305,12:03 PM,111.185,111.239,0.0182991578176493,111.32,111.32,111.17,19160403.769,834,111.18,172245,111565.69,11,111.185,1003
2019-04-12 12:04:00,111.32,0.019133937562940486,111.335,20190412,111.335,12:04 PM,111.315,111.318,0.019022336140607863,111.335,111.36,111.28,9123428.7049,367,111.31,81958,13024.455,3,111.315,117
2019-04-12 12:05:00,111.357,0.019472672342762933,111.4,20190412,111.4,12:05 PM,111.345,111.372,0.019516660563896056,111.4,111.42,111.335,8002538.1039,377,111.335,71854,312022.74,14,111.35,2802
2019-04-12 12:06:00,111.415,0.02000366199761972,111.4,20190412,111.44,12:06 PM,111.39,111.433,0.02007506407909201,111.45,111.46,111.39,4174065.088,194,111.39,37458,44900.29,6,111.39,403
2019-04-12 12:07:00,111.442,0.020250846836949454,111.47,20190412,111.49,12:07 PM,111.43,111.462,0.02034053460270971,111.495,111.5,111.43,8149319.466,332,111.45,73113,278717.175,20,111.435,2501
2019-04-12 12:08:00,111.564,0.021367756110958425,111.54,20190412,111.6,12:08 PM,111.54,111.548,0.021127792017576044,111.545,111.605,111.465,12662894.2442,481,111.49,113520,98734.24,10,111.54,885
2019-04-12 12:09:00,111.58,0.021514236015746542,111.55,20190412,111.615,12:09 PM,111.53,111.562,0.021255950201391455,111.56,111.63,111.52,20699055.64,438,111.54,185538,171721.24,15,111.54,1539
2019-04-12 12:10:00,111.532,0.02107479630138234,111.52,20190412,111.57,12:10 PM,111.52,111.538,0.02103625045770781,111.544,111.57,111.51,2500905.5184,145,111.56,22422,127146.66,13,111.57,1140
2019-04-12 12:11:00,111.652,0.02217339558729284,111.71,20190412,111.72,12:11 PM,111.58,111.675,0.02229036982790189,111.74,111.74,111.547,16888456.5866,393,111.547,151228,124604.175,15,111.585,1116
2019-04-12 12:12:00,111.676,0.02239311544447494,111.65,20190412,111.74,12:12 PM,111.62,111.69,0.022427682167704164,111.63,111.75,111.62,6502461.0067,343,111.735,58219,292592.0,25,111.73,2620
2019-04-12 12:13:00,111.651,0.022164240593243543,111.72,20190412,111.72,12:13 PM,111.62,111.653,0.02208897839619197,111.709,111.72,111.62,6092121.8013,293,111.63,54563,338862.45,34,111.64,3035
2019-04-12 12:14:00,111.695,0.022567060331410684,111.69,20190412,111.7,12:14 PM,111.69,111.703,0.022546686195532847,111.71,111.73,111.675,5060131.0409,236,111.704,45300,67352.085,7,111.7,603
2019-04-12 12:15:00,111.775,0.02329945985535111,111.82,20190412,111.82,12:15 PM,111.73,111.772,0.023178322958623317,111.82,111.84,111.7,8698130.3201,405,111.7,77820,22578.52,3,111.73,202
2019-04-12 12:16:00,111.808,0.0236015746589765,111.77,20190412,111.82,12:16 PM,111.77,111.802,0.023452947638227858,111.79,111.83,111.77,4580992.1391,246,111.82,40974,104092.95,11,111.8,931
2019-04-12 12:17:00,111.753,0.02309804998626748,111.71,20190412,111.79,12:17 PM,111.675,111.741,0.0228945441230319,111.7,111.79,111.662,8045584.236,357,111.78,72002,72975.025,7,111.78,653
2019-04-12 12:18:00,111.69,0.022521285361164458,111.69,20190412,111.69,12:18 PM,111.69,111.757,0.02304101061882104,111.8,111.82,111.69,4387806.2934,193,111.7,39262,5137.74,1,111.69,46
2019-04-12 12:19:00,111.743,0.023006500045774887,111.69,20190412,111.83,12:19 PM,111.68,111.768,0.023141706334676004,111.7,111.83,111.68,8989033.6765,446,111.8,80426,312544.545,24,111.79,2797
2019-04-12 12:20:00,111.729,0.022878330129085373,111.77,20190412,111.77,12:20 PM,111.7,111.724,0.022738923471256032,111.78,111.78,111.68,4836290.2081,272,111.71,43288,101338.55,10,111.715,907
2019-04-12 12:21:00,111.767,0.02322621990295699,111.73,20190412,111.8,12:21 PM,111.73,111.77,0.02316001464664959,111.74,111.815,111.725,4636324.0237,234,111.77,41481,117131.46,34,111.8,1048
2019-04-12 12:22:00,111.73,0.022887485123134668,111.67,20190412,111.79,12:22 PM,111.67,111.733,0.0228213108751374,111.695,111.79,111.68,5143872.0376,304,111.74,46037,87373.165,15,111.72,782
2019-04-12 12:23:00,111.739,0.02296988006957796,111.75,20190412,111.77,12:23 PM,111.71,111.738,0.022867081655071446,111.73,111.776,111.67,2608072.9457,138,111.67,23341,135092.57,15,111.71,1209
2019-04-12 12:24:00,111.755,0.023116359974365938,111.81,20190412,111.81,12:24 PM,111.74,111.772,0.023178322958623317,111.81,111.82,111.73,2664649.372,165,111.73,23840,23021.65,4,111.74,206
2019-04-12 12:25:00,111.832,0.02382129451615847,111.81,20190412,111.85,12:25 PM,111.81,111.828,0.0236909556938851,111.81,111.85,111.81,2602009.899,150,111.81,23268,76940.735,12,111.81,688
2019-04-12 12:26:00,111.746,0.02303396502792265,111.7,20190412,111.805,12:26 PM,111.67,111.751,0.02298608568290013,111.69,111.82,111.67,4194912.6114,225,111.814,37538,153315.35,20,111.8,1372
2019-04-12 12:27:00,111.712,0.02272269523024809,111.73,20190412,111.73,12:27 PM,111.69,111.71,0.02261076528744049,111.73,111.75,111.68,1762674.0875,97,111.685,15779,54291.92,9,111.7,486
2019-04-12 12:28:00,111.747,0.02304312002197195,111.77,20190412,111.77,12:28 PM,111.7,111.737,0.022857927499084583,111.77,111.775,111.7,3315794.3823,114,111.735,29675,65595.47,13,111.73,587
2019-04-12 12:29:00,111.79,0.02343678476608993,111.765,20190412,111.805,12:29 PM,111.765,111.779,0.02324240205053096,111.745,111.82,111.745,2816717.131,172,111.77,25199,112460.61,12,111.77,1006
2019-04-12 12:30:00,111.655,0.0222008605694406,111.6,20190412,111.72,12:30 PM,111.6,111.631,0.021887586964481925,111.61,111.74,111.58,4999166.4717,267,111.74,44783,154753.865,28,111.72,1386
2019-04-12 12:31:00,111.58,0.021514236015746542,111.57,20190412,111.59,12:31 PM,111.55,111.574,0.02136580007323328,111.57,111.62,111.52,4748027.735,240,111.62,42555,80560.625,11,111.58,722
2019-04-12 12:32:00,111.615,0.02183466080747039,111.68,20190412,111.68,12:32 PM,111.575,111.617,0.021759428780666508,111.71,111.71,111.575,6814770.56,340,111.575,61055,244325.13,15,111.575,2189
2019-04-12 12:33:00,111.695,0.022567060331410684,111.68,20190412,111.7,12:33 PM,111.68,111.701,0.022528377883559124,111.7,111.72,111.68,3954999.5112,162,111.71,35407,26248.37,9,111.695,235
2019-04-12 12:34:00,111.74,0.02297903506362713,111.75,20190412,111.76,12:34 PM,111.72,111.74,0.02288538996704504,111.78,111.79,111.705,2588896.451,143,111.705,23169,55981.74,6,111.72,501
2019-04-12 12:35:00,111.779,0.02333607983154804,111.75,20190412,111.8,12:35 PM,111.75,111.79,0.023343097766386045,111.75,111.81,111.75,2145139.0532,133,111.79,19189,67514.86,12,111.79,604
2019-04-12 12:36:00,111.734,0.0229241050993316,111.7,20190412,111.76,12:36 PM,111.7,111.732,0.02281215671915053,111.69,111.77,111.675,2976104.1516,162,111.75,26636,94638.36,13,111.75,847
2019-04-12 12:37:00,111.697,0.02258537031950928,111.695,20190412,111.73,12:37 PM,111.66,111.687,0.02240021969974371,111.695,111.74,111.64,3388252.7426,185,111.67,30337,181172.45,17,111.68,1622
2019-04-12 12:38:00,111.71,0.0227043852421495,111.75,20190412,111.75,12:38 PM,111.69,111.711,0.02261991944342735,111.755,111.77,111.685,7289478.771000002,195,111.7,65253,56637.24,11,111.71,507
2019-04-12 12:39:00,111.743,0.023006500045774887,111.71,20190412,111.76,12:39 PM,111.71,111.743,0.02291285243500549,111.72,111.76,111.71,3686504.1414,219,111.75,32991,67715.955,8,111.75,606
2019-04-12 12:40:00,111.713,0.02273185022429726,111.7,20190412,111.725,12:40 PM,111.7,111.706,0.0225741486634933,111.705,111.73,111.68,2479434.3854,134,111.715,22196,111713.325,7,111.725,1000
2019-04-12 12:41:00,111.715,0.022750160212395856,111.67,20190412,111.725,12:41 PM,111.67,111.705,0.02256499450750644,111.67,111.74,111.67,2643154.9796,136,111.705,23662,67029.0,3,111.725,600
2019-04-12 12:42:00,111.72,0.022795935182642085,111.72,20190412,111.72,12:42 PM,111.72,111.682,0.022354448919809658,111.74,111.74,111.65,1837397.447,116,111.665,16452,893.76,1,111.72,8
2019-04-12 12:43:00,111.714,0.022741005218346558,111.65,20190412,111.765,12:43 PM,111.65,111.725,0.022748077627242763,111.65,111.77,111.65,4355175.3725,213,111.74,38981,90488.405,11,111.75,810
2019-04-12 12:44:00,111.62,0.02188043577771675,111.63,20190412,111.64,12:44 PM,111.61,111.627,0.02185097034053461,111.643,111.65,111.61,4118130.9,194,111.65,36892,67195.28,7,111.64,602
2019-04-12 12:45:00,111.556,0.021294516158564442,111.51,20190412,111.595,12:45 PM,111.51,111.582,0.02143903332112778,111.48,111.655,111.48,6150952.5461,263,111.645,55125,89802.9,14,111.595,805
2019-04-12 12:46:00,111.497,0.020754371509658483,111.55,20190412,111.55,12:46 PM,111.48,111.512,0.020798242402050585,111.55,111.55,111.47,4273155.374,191,111.48,38320,78271.0,8,111.48,702
2019-04-12 12:47:00,111.447,0.02029662180719581,111.4,20190412,111.485,12:47 PM,111.4,111.467,0.02038630538264376,111.409,111.55,111.409,5700967.7383,270,111.55,51145,824710.67,52,111.485,7400
2019-04-12 12:48:00,111.401,0.01987549208093008,111.45,20190412,111.45,12:48 PM,111.38,111.409,0.019855364335408385,111.47,111.47,111.379,6374930.9326,249,111.41,57221,307021.7,18,111.405,2756
2019-04-12 12:49:00,111.443,0.020260001830998752,111.44,20190412,111.465,12:49 PM,111.405,111.419,0.019946905895276475,111.43,111.465,111.389,3865361.4257,146,111.46,34692,98738.72,9,111.465,886
2019-04-12 12:50:00,111.433,0.020168451890506298,111.4,20190412,111.45,12:50 PM,111.4,111.421,0.0199652142072502,111.4,111.445,111.39,2639452.8488,131,111.44,23689,99175.53,13,111.45,890
2019-04-12 12:51:00,111.336,0.0192804174677286,111.3,20190412,111.37,12:51 PM,111.3,111.336,0.0191871109483706,111.3,111.39,111.29,2691880.29,134,111.39,24178,23269.205,6,111.37,209
2019-04-12 12:52:00,111.308,0.019024077634349563,111.29,20190412,111.34,12:52 PM,111.28,111.303,0.01888502380080559,111.29,111.34,111.279,2310884.6715,142,111.3,20762,74688.035,12,111.295,671
2019-04-12 12:53:00,111.298,0.01893252769385698,111.35,20190412,111.35,12:53 PM,111.28,111.299,0.0188484071768584,111.35,111.35,111.27,3841385.3159,190,111.3,34514,121092.73,13,111.28,1088
2019-04-12 12:54:00,111.322,0.01915224755103908,111.31,20190412,111.35,12:54 PM,111.3,111.319,0.01903149029659473,111.32,111.35,111.3,2015100.08,120,111.35,18102,64566.88,8,111.35,580
2019-04-12 12:55:00,111.293,0.01888675272361075,111.27,20190412,111.31,12:55 PM,111.27,111.285,0.018720248993042855,111.295,111.32,111.25,2387390.8398,124,111.32,21453,26376.44,4,111.31,237
2019-04-12 12:56:00,111.277,0.01874027281882264,111.27,20190412,111.295,12:56 PM,111.27,111.279,0.018665324057121947,111.285,111.3,111.27,1836443.9026,65,111.3,16503,68101.38,9,111.295,612
2019-04-12 12:57:00,111.258,0.01856632793188677,111.265,20190412,111.285,12:57 PM,111.22,111.263,0.01851885756133294,111.27,111.29,111.22,3446478.87,204,111.29,30976,299728.01,25,111.28,2694
2019-04-12 12:58:00,111.275,0.018721962830724168,111.28,20190412,111.29,12:58 PM,111.26,111.289,0.01875686561699017,111.305,111.31,111.26,3098951.709,184,111.27,27846,45845.28,8,111.29,412
2019-04-12 12:59:00,111.288,0.0188409777533644,111.26,20190412,111.3,12:59 PM,111.26,111.283,0.018701940681069264,111.23,111.3,111.22,8455264.87,248,111.3,75980,78346.5,9,111.3,704
2019-04-12 13:00:00,111.309,0.019033232628398733,111.355,20190412,111.355,1 PM,111.29,111.302,0.018875869644818855,111.37,111.37,111.22,4193530.7844,201,111.229,37677,162511.94,8,111.29,1460
2019-04-12 13:01:00,111.297,0.01892337269980768,111.22,20190412,111.35,1:01 PM,111.22,111.303,0.01888502380080559,111.22,111.364,111.22,4497982.2406,215,111.364,40412,175848.84,21,111.35,1580
2019-04-12 13:02:00,111.232,0.0183282980866062,111.27,20190412,111.27,1:02 PM,111.205,111.228,0.01819846210179421,111.258,111.27,111.2,2874563.7565,151,111.23,25844,86872.365,10,111.215,781
2019-04-12 13:03:00,111.204,0.01807195825322704,111.23,20190412,111.235,1:03 PM,111.2,111.224,0.018161845477847025,111.23,111.25,111.2,2225933.1244,123,111.24,20013,46928.11,6,111.235,422
2019-04-12 13:04:00,111.177,0.017824773413897304,111.16,20190412,111.22,1:04 PM,111.135,111.183,0.01778652508238751,111.17,111.239,111.13,4979426.2306,214,111.239,44786,122850.375,9,111.22,1105
2019-04-12 13:05:00,111.18,0.017852238396045068,111.15,20190412,111.195,1:05 PM,111.15,111.17,0.01766752105455883,111.16,111.2,111.13,1773279.8551,91,111.17,15951,33354.0,2,111.195,300
2019-04-12 13:06:00,111.183,0.01787970337819283,111.195,20190412,111.195,1:06 PM,111.165,111.184,0.017795679238374246,111.231,111.24,111.16,2300841.11,143,111.16,20694,66710.0,4,111.165,600
2019-04-12 13:07:00,111.221,0.018227593152064448,111.21,20190412,111.25,1:07 PM,111.2,111.221,0.018134383009886568,111.22,111.25,111.19,1260912.7822,85,111.24,11337,148591.52,9,111.25,1336
2019-04-12 13:08:00,111.225,0.018264213128261386,111.21,20190412,111.25,1:08 PM,111.21,111.236,0.018271695349688845,111.2,111.26,111.2,2008034.36,132,111.23,18052,48383.1,6,111.23,435
2019-04-12 13:09:00,111.221,0.018227593152064448,111.24,20190412,111.24,1:09 PM,111.205,111.227,0.018189307945807483,111.24,111.251,111.2,2007099.656,96,111.21,18045,35813.125,5,111.205,322
2019-04-12 13:10:00,111.18,0.017852238396045068,111.165,20190412,111.235,1:10 PM,111.16,111.186,0.01781398755034797,111.16,111.24,111.16,2787425.025,125,111.24,25070,104398.56,11,111.235,939
2019-04-12 13:11:00,111.153,0.017605053556715204,111.1,20190412,111.18,1:11 PM,111.1,111.141,0.017402050530941144,111.095,111.18,111.095,2539903.375,131,111.162,22853,163506.765,16,111.17,1471
2019-04-12 13:12:00,111.052,0.016680399157740573,111.055,20190412,111.1,1:12 PM,111.03,111.052,0.01658733064811435,111.09,111.09,111.03,4350918.8898,224,111.09,39179,381574.2,36,111.1,3436
2019-04-12 13:13:00,111.107,0.017183923830449466,111.115,20190412,111.115,1:13 PM,111.105,111.126,0.01726473819113887,111.16,111.16,111.09,2257626.2313,124,111.092,20316,150549.775,9,111.105,1355
2019-04-12 13:14:00,111.18,0.017852238396045068,111.17,20190412,111.185,1:14 PM,111.17,111.173,0.01769498352251929,111.16,111.19,111.16,2944640.6319,133,111.16,26487,55590.0,4,111.185,500
2019-04-12 13:15:00,111.157,0.017641673532912138,111.165,20190412,111.165,1:15 PM,111.145,111.159,0.017566825338703875,111.16,111.18,111.13,2425825.0678,119,111.16,21823,143836.845,13,111.16,1294
2019-04-12 13:16:00,111.145,0.017531813604321083,111.17,20190412,111.17,1:16 PM,111.11,111.145,0.017438667154888333,111.18,111.189,111.11,2119307.7208,121,111.16,19068,83025.685,10,111.16,747
2019-04-12 13:17:00,111.165,0.017714913485306256,111.12,20190412,111.2,1:17 PM,111.12,111.168,0.01764921274258524,111.14,111.2,111.12,3168387.2544,188,111.18,28501,156965.32,19,111.175,1412
2019-04-12 13:18:00,111.222,0.018236748146113608,111.23,20190412,111.275,1:18 PM,111.18,111.246,0.01836323690955694,111.22,111.28,111.141,7168018.164,191,111.141,64434,87531.42,11,111.18,787
2019-04-12 13:19:00,111.279,0.018758582806921102,111.29,20190412,111.3,1:19 PM,111.25,111.285,0.018720248993042855,111.28,111.3,111.235,2600499.5891,97,111.24,23368,33383.87,4,111.25,300
2019-04-12 13:20:00,111.24,0.01840153803900019,111.24,20190412,111.255,1:20 PM,111.23,111.25,0.01839985353350426,111.24,111.3,111.22,2660313.6202,146,111.29,23913,33594.51,4,111.255,302
2019-04-12 13:21:00,111.237,0.018374073056852427,111.235,20190412,111.24,1:21 PM,111.235,111.252,0.018418161845477853,111.24,111.28,111.24,1261823.73,75,111.25,11342,667.425,2,111.24,6
2019-04-12 13:22:00,111.226,0.018273368122310674,111.195,20190412,111.245,1:22 PM,111.185,111.209,0.018024533138044748,111.2,111.25,111.163,3835703.6194,171,111.24,34491,165393.435,13,111.235,1487
2019-04-12 13:23:00,111.159,0.017659983521010728,111.11,20190412,111.23,1:23 PM,111.11,111.144,0.017429512998901598,111.1,111.23,111.1,1862670.5515,106,111.21,16759,63471.875,8,111.23,571
2019-04-12 13:24:00,111.092,0.017046598919710654,111.09,20190412,111.095,1:24 PM,111.09,111.117,0.017182350787257505,111.16,111.17,111.08,1855661.9055,109,111.106,16700,666.55,2,111.095,6
2019-04-12 13:25:00,111.162,0.017687448503158492,111.16,20190412,111.195,1:25 PM,111.16,111.182,0.017777370926400655,111.16,111.217,111.15,1621923.566,92,111.155,14588,60471.88,8,111.195,544
2019-04-12 13:26:00,111.096,0.017083218895907713,111.05,20190412,111.13,1:26 PM,111.05,111.079,0.01683449285975832,111.06,111.15,111.03,3651506.772,169,111.15,32873,54881.375,14,111.13,494
2019-04-12 13:27:00,111.1,0.017119838872104644,111.1,20190412,111.1,1:27 PM,111.1,111.11,0.01711827169534973,111.17,111.17,111.06,2098648.1306,85,111.07,18888,44440.0,1,111.1,400
2019-04-12 13:28:00,111.182,0.017870548384143533,111.185,20190412,111.185,1:28 PM,111.155,111.172,0.017685829366532426,111.181,111.192,111.15,1629450.365,100,111.17,14657,12563.62,4,111.165,113
2019-04-12 13:29:00,111.223,0.01824590314016292,111.2,20190412,111.23,1:29 PM,111.2,111.213,0.018061149761991937,111.177,111.23,111.177,2085345.65,86,111.195,18751,63619.49,5,111.23,572
2019-04-12 13:30:00,111.214,0.018163508193719625,111.21,20190412,111.215,1:30 PM,111.185,111.206,0.017997070670084294,111.21,111.215,111.185,857839.8914,50,111.19,7714,147691.975,6,111.185,1328
2019-04-12 13:31:00,111.16,0.0176691385150599,111.12,20190412,111.2,1:31 PM,111.12,111.158,0.017557671182717012,111.09,111.215,111.09,2162573.6205,116,111.21,19455,33903.97,5,111.2,305
2019-04-12 13:32:00,110.985,0.016067014556440495,110.95,20190412,111.08,1:32 PM,110.92,110.996,0.016074697912852442,110.95,111.095,110.91,9016246.5248,462,111.09,81230,130296.08,12,111.08,1174
2019-04-12 13:33:00,110.965,0.015883914675455454,110.97,20190412,110.97,1:33 PM,110.955,110.972,0.015854998169168796,110.985,111.01,110.95,3097218.9818,140,110.97,27910,110964.5,5,110.955,1000
2019-04-12 13:34:00,111.03,0.016478989288656938,111.08,20190412,111.08,1:34 PM,111.0,111.043,0.01650494324423299,111.08,111.081,110.99,2677696.1669,127,111.0,24114,161326.62,11,111.01,1453
2019-04-12 13:35:00,111.077,0.01690927400897184,111.09,20190412,111.09,1:35 PM,111.06,111.08,0.016843647015745183,111.08,111.1,111.05,2276578.3862,137,111.09,20495,33323.0,3,111.08,300
2019-04-12 13:36:00,111.15,0.01757758857456744,111.15,20190412,111.15,1:36 PM,111.12,111.139,0.017383742218967418,111.15,111.163,111.09,2553193.7372,142,111.09,22973,55908.36,3,111.12,503
2019-04-12 13:37:00,111.173,0.017788153437700245,111.2,20190412,111.2,1:37 PM,111.145,111.192,0.01786891248626875,111.23,111.23,111.146,1406462.471,68,111.16,12649,51362.125,5,111.145,462
2019-04-12 13:38:00,111.24,0.01840153803900019,111.26,20190412,111.265,1:38 PM,111.22,111.245,0.01835408275357021,111.29,111.295,111.22,3482398.0938,159,111.225,31304,215805.01,8,111.23,1940
2019-04-12 13:39:00,111.259,0.018575482925936058,111.255,20190412,111.28,1:39 PM,111.255,111.265,0.018537165873306533,111.26,111.299,111.24,2107802.2051,70,111.285,18944,67534.285,2,111.28,607
2019-04-12 13:40:00,111.226,0.018273368122310674,111.23,20190412,111.245,1:40 PM,111.225,111.249,0.0183906993775174,111.265,111.27,111.225,1957432.2762,99,111.26,17595,170286.595,6,111.245,1531
2019-04-12 13:41:00,111.22,0.01821843815801515,111.2,20190412,111.26,1:41 PM,111.2,111.202,0.017960454046136973,111.171,111.265,111.165,3675131.1081,154,111.265,33049,33810.96,4,111.26,304
2019-04-12 13:42:00,111.204,0.01807195825322704,111.225,20190412,111.225,1:42 PM,111.19,111.198,0.01792383742218966,111.21,111.23,111.17,2508737.6075,126,111.17,22561,192827.68,20,111.19,1734
2019-04-12 13:43:00,111.158,0.01765082852696143,111.16,20190412,111.19,1:43 PM,111.14,111.172,0.017685829366532426,111.18,111.22,111.14,1555193.0769,78,111.22,13989,67361.93,6,111.19,606
2019-04-12 13:44:00,111.193,0.017971253318685286,111.19,20190412,111.2,1:44 PM,111.19,111.193,0.017878066642255608,111.195,111.209,111.183,877315.5799,61,111.19,7890,33469.19,4,111.2,301
2019-04-12 13:45:00,111.211,0.018136043211571855,111.25,20190412,111.25,1:45 PM,111.2,111.222,0.018143537165873302,111.245,111.25,111.19,2091199.7789,92,111.19,18802,93417.0,10,111.2,840
2019-04-12 13:46:00,111.227,0.01828252311635997,111.205,20190412,111.25,1:46 PM,111.19,111.231,0.018225924569754668,111.205,111.26,111.183,2262670.89,119,111.25,20342,120459.15,20,111.25,1083
2019-04-12 13:47:00,111.173,0.017788153437700245,111.18,20190412,111.18,1:47 PM,111.17,111.176,0.017722445990479743,111.16,111.205,111.16,1755802.4111,88,111.2,15793,22568.04,3,111.17,203
2019-04-12 13:48:00,111.145,0.017531813604321083,111.13,20190412,111.16,1:48 PM,111.13,111.133,0.01732881728304651,111.15,111.16,111.11,1354826.375,80,111.15,12191,22229.0,2,111.16,200
2019-04-12 13:49:00,111.127,0.01736702371143451,111.1,20190412,111.16,1:49 PM,111.09,111.124,0.017246429879165144,111.11,111.165,111.09,2752660.37,167,111.16,24771,311490.3,21,111.15,2803
2019-04-12 13:50:00,111.152,0.017595898562665906,111.2,20190412,111.2,1:50 PM,111.11,111.169,0.017658366898571972,111.2,111.21,111.11,2165913.534,106,111.11,19483,211189.0,12,111.11,1900
2019-04-12 13:51:00,111.186,0.017907168360340592,111.19,20190412,111.2,1:51 PM,111.17,111.185,0.01780483339436111,111.195,111.2,111.17,2435289.805,114,111.195,21903,179009.9,14,111.19,1610
2019-04-12 13:52:00,111.195,0.01798956330678375,111.205,20190412,111.21,1:52 PM,111.19,111.199,0.017932991578176526,111.2,111.21,111.19,1225081.186,72,111.19,11017,122536.88,10,111.19,1102
2019-04-12 13:53:00,111.163,0.01769660349720766,111.15,20190412,111.2,1:53 PM,111.15,111.159,0.017566825338703875,111.13,111.2,111.13,3228386.3154,122,111.2,29043,367171.66,27,111.2,3303
2019-04-12 13:54:00,111.13,0.017394488693582268,111.13,20190412,111.13,1:54 PM,111.13,111.14,0.01739289637495428,111.155,111.155,111.12,1576853.2295,59,111.13,14188,26671.2,3,111.13,240
2019-04-12 13:55:00,111.15,0.01757758857456744,111.16,20190412,111.16,1:55 PM,111.15,111.171,0.017676675210545698,111.184,111.19,111.15,1205541.209,53,111.15,10844,11559.64,2,111.15,104
2019-04-12 13:56:00,111.159,0.017659983521010728,111.125,20190412,111.205,1:56 PM,111.125,111.176,0.017722445990479743,111.14,111.21,111.125,2259979.25,150,111.18,20328,296683.84,66,111.205,2669
2019-04-12 13:57:00,111.063,0.016781104092282326,111.055,20190412,111.07,1:57 PM,111.055,111.093,0.016962651043573862,111.055,111.143,111.055,2807983.6062,119,111.143,25276,22212.5,2,111.07,200
2019-04-12 13:58:00,111.054,0.016698709145839038,111.115,20190412,111.115,1:58 PM,111.035,111.059,0.016651409740021994,111.11,111.115,111.03,3616543.259,165,111.06,32564,244318.5,22,111.06,2200
2019-04-12 13:59:00,111.11,0.01721138881259723,111.08,20190412,111.14,1:59 PM,111.08,111.117,0.017182350787257505,111.09,111.14,111.08,2181677.3102,149,111.11,19634,157443.42,14,111.12,1417
2019-04-12 14:00:00,111.076,0.016900119014922544,111.08,20190412,111.085,2 PM,111.06,111.081,0.01685280117173204,111.08,111.103,111.06,1853505.6291,132,111.08,16686,66645.5,6,111.085,600
2019-04-12 14:01:00,111.133,0.01742195367573003,111.13,20190412,111.15,2:01 PM,111.12,111.128,0.017283046503112458,111.14,111.17,111.07,3218834.3803,177,111.081,28965,140361.32,10,111.14,1263
2019-04-12 14:02:00,111.153,0.017605053556715204,111.18,20190412,111.185,2:02 PM,111.12,111.148,0.017466129622848787,111.18,111.19,111.115,1876073.4103,116,111.14,16879,156836.33,14,111.135,1411
2019-04-12 14:03:00,111.184,0.017888858372241998,111.13,20190412,111.23,2:03 PM,111.13,111.194,0.017887220798242474,111.15,111.23,111.13,4247159.9645,185,111.18,38196,128084.6,17,111.195,1152
2019-04-12 14:04:00,111.088,0.017009978943513592,111.07,20190412,111.12,2:04 PM,111.07,111.102,0.017045038447455228,111.09,111.145,111.065,2412812.945,124,111.14,21717,158633.58,14,111.12,1428
2019-04-12 14:05:00,111.165,0.017714913485306256,111.2,20190412,111.2,2:05 PM,111.13,111.167,0.017640058586598378,111.17,111.2,111.095,2195441.476,118,111.1,19749,53136.92,5,111.13,478
2019-04-12 14:06:00,111.133,0.01742195367573003,111.14,20190412,111.16,2:06 PM,111.115,111.129,0.017292200659099324,111.129,111.16,111.1,1994877.521,126,111.16,17951,135805.08,12,111.16,1222
2019-04-12 14:07:00,111.087,0.017000823949464425,111.085,20190412,111.11,2:07 PM,111.07,111.098,0.01700842182350791,111.1,111.13,111.065,1828896.73,128,111.127,16462,111308.7,9,111.11,1002
2019-04-12 14:08:00,111.101,0.017128993866153942,111.08,20190412,111.125,2:08 PM,111.08,111.098,0.01700842182350791,111.08,111.13,111.07,2115979.1082,97,111.107,19046,45662.655,6,111.125,411
2019-04-12 14:09:00,111.085,0.016982513961365832,111.095,20190412,111.095,2:09 PM,111.075,111.082,0.016861955327718774,111.09,111.1,111.07,1642896.2078,71,111.085,14790,55542.5,5,111.085,500
2019-04-12 14:10:00,111.093,0.017055753913759953,111.09,20190412,111.095,2:10 PM,111.09,111.026,0.01634932259245699,110.975,111.1,110.965,4496768.0258,205,111.08,40502,22218.5,2,111.095,200
2019-04-12 14:11:00,111.022,0.016405749336262945,111.04,20190412,111.06,2:11 PM,110.99,111.02,0.016294397656536078,111.044,111.06,110.98,1910659.101,121,110.98,17210,44964.1,5,110.99,405
2019-04-12 14:12:00,111.034,0.016515609264853997,111.02,20190412,111.05,2:12 PM,111.02,111.043,0.01650494324423299,111.02,111.055,111.02,1833874.062,92,111.049,16515,50187.24,7,111.05,452
2019-04-12 14:13:00,110.994,0.016149409502883783,110.98,20190412,111.01,2:13 PM,110.98,110.994,0.016056389600878844,110.98,111.02,110.98,2600144.1273,118,111.02,23426,129973.65,11,111.01,1171
2019-04-12 14:14:00,111.04,0.016570539229149518,111.095,20190412,111.095,2:14 PM,111.0,111.032,0.016404247528377897,111.095,111.095,110.99,1692348.8388,99,110.99,15242,100491.6,7,111.0,905
2019-04-12 14:15:00,111.078,0.016918429003021138,111.05,20190412,111.1,2:15 PM,111.045,111.081,0.01685280117173204,111.04,111.11,111.04,2088097.11,145,111.1,18798,77754.5,7,111.1,700
2019-04-12 14:16:00,111.06,0.016753639110134562,111.05,20190412,111.065,2:16 PM,111.05,111.036,0.01644086415232521,111.04,111.065,111.01,2358743.3341,103,111.06,21243,27765.0,3,111.065,250
2019-04-12 14:17:00,111.06,0.016753639110134562,111.05,20190412,111.065,2:17 PM,111.05,111.019,0.016285243500549346,111.02,111.035,111.01,998730.4044,63,111.031,8996,0.0,0,111.065,0
2019-04-12 14:18:00,110.987,0.01608532454453896,110.98,20190412,111.015,2:18 PM,110.98,111.012,0.016221164408641575,110.971,111.03,110.971,1151417.7967,79,111.02,10372,33518.03,4,111.015,302
2019-04-12 14:19:00,110.989,0.016103634532637558,111.0,20190412,111.01,2:19 PM,110.97,110.985,0.015974002196997482,111.02,111.02,110.96,1490639.4147,103,110.975,13431,77692.0,7,110.975,700
2019-04-12 14:20:00,111.014,0.016332509383868824,111.01,20190412,111.03,2:20 PM,111.01,111.023,0.016321860124496542,111.018,111.04,111.01,2529654.2747,122,111.03,22785,122670.65,10,111.02,1105
2019-04-12 14:21:00,110.958,0.015819829717110632,110.95,20190412,111.01,2:21 PM,110.95,110.985,0.015974002196997482,110.955,111.03,110.95,2129028.48,88,111.024,19183,34507.91,5,111.01,311
2019-04-12 14:22:00,110.959,0.01582898471115993,110.96,20190412,110.965,2:22 PM,110.95,110.961,0.01575430245331384,110.97,110.97,110.95,1699152.1799,102,110.96,15313,67019.34,7,110.96,604
2019-04-12 14:23:00,110.971,0.015938844639750982,110.975,20190412,110.98,2:23 PM,110.955,110.969,0.01582753570120834,110.97,110.98,110.95,1659434.881,103,110.97,14954,46163.85,6,110.965,416
2019-04-12 14:24:00,110.98,0.01602123958619427,110.97,20190412,110.985,2:24 PM,110.97,110.97,0.015836689857195205,110.955,110.99,110.95,2609232.2734,153,110.975,23513,27966.94,4,110.975,252
2019-04-12 14:25:00,110.959,0.01582898471115993,110.96,20190412,110.96,2:25 PM,110.955,110.959,0.015735994141340245,110.95,110.97,110.95,1921028.4771,101,110.96,17313,63468.62,5,110.955,572
2019-04-12 14:26:00,110.962,0.015856449693307694,110.94,20190412,110.975,2:26 PM,110.94,110.959,0.015735994141340245,110.93,110.99,110.93,3578992.5302,201,110.955,32255,276072.98,23,110.955,2488
2019-04-12 14:27:00,110.926,0.015526869907534541,110.95,20190412,110.95,2:27 PM,110.92,110.942,0.015580373489564247,110.95,110.955,110.92,2094255.95,140,110.92,18877,72434.43,6,110.92,653
2019-04-12 14:28:00,110.955,0.015792364734962868,111.0,20190412,111.0,2:28 PM,110.94,110.978,0.01590992310508971,111.0,111.01,110.94,3262303.6618,194,110.95,29396,89207.76,6,110.94,804
2019-04-12 14:29:00,110.991,0.016121944520736026,110.985,20190412,111.02,2:29 PM,110.97,110.987,0.015992310508971073,110.99,111.02,110.965,3627940.8025,129,111.0,32688,136851.79,12,111.02,1233
2019-04-12 14:30:00,110.999,0.016195184473130012,110.985,20190412,111.005,2:30 PM,110.985,110.997,0.016083852068839298,110.98,111.01,110.97,3456564.0217,151,110.99,31141,78365.44,5,110.99,706
2019-04-12 14:31:00,110.941,0.015664194818273355,110.92,20190412,110.96,2:31 PM,110.92,110.945,0.0156078359575247,110.912,110.985,110.91,3056882.7955,149,110.985,27553,38607.38,6,110.96,348
2019-04-12 14:32:00,110.87,0.015014190240776347,110.825,20190412,110.905,2:32 PM,110.825,110.862,0.01484804101061882,110.825,110.92,110.82,4027949.3341,187,110.92,36333,60424.005,8,110.905,545
2019-04-12 14:33:00,110.904,0.015325460038450903,110.91,20190412,110.915,2:33 PM,110.85,110.88,0.01501281581838155,110.91,110.94,110.82,3267641.9819,189,110.82,29470,35489.39,6,110.85,320
2019-04-12 14:34:00,110.893,0.015224755103909153,110.905,20190412,110.92,2:34 PM,110.86,110.902,0.0152142072500916,110.87,110.93,110.86,2813476.51,161,110.91,25369,66536.0,6,110.92,600
2019-04-12 14:35:00,110.897,0.015261375080106212,110.895,20190412,110.9,2:35 PM,110.89,110.886,0.015067740754302462,110.89,110.9,110.87,1484097.906,101,110.88,13384,27169.82,4,110.89,245
2019-04-12 14:36:00,110.853,0.014858555341938941,110.825,20190412,110.89,2:36 PM,110.82,110.848,0.014719882826803409,110.83,110.9,110.82,1310894.2804,74,110.9,11826,99768.0,9,110.89,900
2019-04-12 14:37:00,110.767,0.01407122585370312,110.75,20190412,110.82,2:37 PM,110.745,110.765,0.013960087879897526,110.74,110.83,110.73,5581566.4329,264,110.823,50391,60368.33,7,110.82,545
2019-04-12 14:38:00,110.701,0.013466996246452343,110.69,20190412,110.735,2:38 PM,110.68,110.709,0.013447455144635741,110.685,110.75,110.68,2706067.7107,142,110.74,24443,74944.295,9,110.735,677
2019-04-12 14:39:00,110.698,0.01343953126430458,110.705,20190412,110.72,2:39 PM,110.68,110.695,0.013319296960820196,110.705,110.72,110.67,2336004.1442,143,110.68,21103,88669.21,9,110.685,801
2019-04-12 14:40:00,110.712,0.013567701180994226,110.715,20190412,110.73,2:40 PM,110.71,110.719,0.013538996704503838,110.71,110.74,110.7,2572450.0299,111,110.7,23234,200721.23,11,110.71,1813
2019-04-12 14:41:00,110.717,0.013613476151240457,110.73,20190412,110.75,2:41 PM,110.7,110.727,0.013612229952398473,110.72,110.78,110.69,2741258.2862,165,110.7,24757,24025.65,5,110.7,217
2019-04-12 14:42:00,110.709,0.013540236198846462,110.695,20190412,110.735,2:42 PM,110.685,110.701,0.013374221896741107,110.695,110.74,110.68,1860222.1563,76,110.72,16804,55354.5,5,110.71,500
2019-04-12 14:43:00,110.707,0.013521926210747869,110.7,20190412,110.715,2:43 PM,110.7,110.706,0.013419992676675286,110.7,110.73,110.691,2098870.912,97,110.7,18959,22916.435,3,110.715,207
2019-04-12 14:44:00,110.696,0.013421221276206114,110.7,20190412,110.705,2:44 PM,110.69,110.7,0.013365067740754376,110.69,110.72,110.682,2404289.6324,135,110.7,21719,46271.09,6,110.705,418
2019-04-12 14:45:00,110.695,0.013412066282156816,110.7,20190412,110.71,2:45 PM,110.68,110.71,0.013456609300622473,110.7,110.73,110.68,1791398.628,108,110.69,16181,44610.07,5,110.69,403
2019-04-12 14:46:00,110.664,0.013128261466630023,110.65,20190412,110.68,2:46 PM,110.65,110.672,0.013108751373123421,110.65,110.705,110.65,2764144.834,132,110.7,24976,204507.87,9,110.67,1848
2019-04-12 14:47:00,110.632,0.012835301657053929,110.63,20190412,110.64,2:47 PM,110.63,110.636,0.012779201757597957,110.62,110.655,110.61,4454328.2736,213,110.655,40261,110078.87,10,110.63,995
2019-04-12 14:48:00,110.579,0.012350086972443372,110.585,20190412,110.63,2:48 PM,110.57,110.6,0.012449652142072495,110.595,110.63,110.57,4155253.3945,200,110.63,37570,54736.54,8,110.63,495
2019-04-12 14:49:00,110.615,0.012679666758216523,110.615,20190412,110.615,2:49 PM,110.615,110.607,0.012513731233980271,110.62,110.625,110.6,2069014.8214,119,110.6,18706,133069.845,2,110.615,1203
2019-04-12 14:50:00,110.588,0.01243248191888666,110.575,20190412,110.61,2:50 PM,110.575,110.59,0.0123581105822044,110.58,110.625,110.57,2740090.8348,141,110.62,24777,45009.235,7,110.61,407
2019-04-12 14:51:00,110.562,0.012194452073606091,110.545,20190412,110.57,2:51 PM,110.545,110.566,0.012138410838520759,110.54,110.59,110.53,2488940.728,128,110.58,22511,77614.34,10,110.57,702
2019-04-12 14:52:00,110.577,0.012331776984344909,110.565,20190412,110.6,2:52 PM,110.56,110.571,0.012184181618454807,110.59,110.594,110.53,2687985.075,164,110.54,24310,67562.85,8,110.56,611
2019-04-12 14:53:00,110.563,0.012203607067655392,110.53,20190412,110.58,2:53 PM,110.53,110.56,0.012083485902599849,110.534,110.595,110.53,2666153.5352,156,110.595,24115,46326.0,8,110.58,419
2019-04-12 14:54:00,110.532,0.011919802252128471,110.495,20190412,110.545,2:54 PM,110.495,110.525,0.01176309044306125,110.5,110.56,110.475,5281646.8091,195,110.54,47787,158613.7,9,110.535,1435
2019-04-12 14:55:00,110.543,0.01202050718667035,110.57,20190412,110.57,2:55 PM,110.52,110.544,0.011937019406810712,110.57,110.585,110.5,4501042.8699,246,110.5,40717,99488.5,9,110.54,900
2019-04-12 14:56:00,110.583,0.012386706948640431,110.585,20190412,110.59,2:56 PM,110.55,110.573,0.0122024899304284,110.583,110.59,110.54,1802113.986,109,110.57,16298,128387.16,7,110.56,1161
2019-04-12 14:57:00,110.591,0.012459946901034422,110.57,20190412,110.595,2:57 PM,110.57,110.584,0.012303185646283491,110.58,110.61,110.56,5079892.83,245,110.588,45937,24108.81,4,110.595,218
2019-04-12 14:58:00,110.53,0.011901492264030002,110.53,20190412,110.53,2:58 PM,110.53,110.546,0.011955327718784436,110.53,110.59,110.52,1706497.4302,105,110.59,15437,4752.79,1,110.53,43
2019-04-12 14:59:00,110.575,0.012313466996246442,110.575,20190412,110.575,2:59 PM,110.575,110.556,0.012046869278652532,110.575,110.575,110.527,3265168.4412,190,110.53,29534,11057.5,1,110.575,100
2019-04-12 15:00:00,110.585,0.012405016936738896,110.585,20190412,110.61,3 PM,110.57,110.593,0.012385573050164857,110.63,110.63,110.57,3339465.2402,187,110.57,30196,156810.375,8,110.575,1418
2019-04-12 15:01:00,110.656,0.01305502151423603,110.66,20190412,110.69,3:01 PM,110.615,110.644,0.012852435005492591,110.66,110.69,110.605,5695071.2898,314,110.625,51472,133672.52,10,110.64,1208
2019-04-12 15:02:00,110.663,0.013119106472580726,110.63,20190412,110.685,3:02 PM,110.63,110.675,0.013136213841083872,110.65,110.705,110.625,2852084.5953,154,110.665,25770,79787.92,13,110.68,721
2019-04-12 15:03:00,110.641,0.01291769660349722,110.625,20190412,110.645,3:03 PM,110.625,110.632,0.01274258513365077,110.62,110.665,110.61,2948007.0,188,110.66,26647,123697.3,5,110.645,1118
2019-04-12 15:04:00,110.663,0.013119106472580726,110.64,20190412,110.7,3:04 PM,110.63,110.665,0.013044672281215777,110.63,110.7,110.625,4933122.255,272,110.63,44577,242906.325,14,110.63,2195
2019-04-12 15:05:00,110.491,0.011544447496109087,110.52,20190412,110.52,3:05 PM,110.47,110.528,0.011790552911021705,110.51,110.625,110.47,6113833.175,299,110.625,55315,87398.29,12,110.51,791
2019-04-12 15:06:00,110.555,0.0121303671152614,110.52,20190412,110.59,3:06 PM,110.52,110.567,0.01214756499450749,110.515,110.614,110.5,3505959.6515,176,110.51,31709,44222.0,4,110.59,400
2019-04-12 15:07:00,110.51,0.01171839238304496,110.51,20190412,110.51,3:07 PM,110.51,110.501,0.011543390699377609,110.49,110.53,110.47,5651372.0962,142,110.51,51143,11051.0,1,110.51,100
2019-04-12 15:08:00,110.514,0.011755012359241892,110.54,20190412,110.54,3:08 PM,110.5,110.505,0.011580007323324796,110.555,110.56,110.48,3884036.0768,190,110.49,35148,13593.22,4,110.5,123
2019-04-12 15:09:00,110.604,0.01257896182367477,110.6,20190412,110.605,3:09 PM,110.6,110.589,0.012348956426217538,110.61,110.615,110.555,2655474.0284,126,110.555,24012,88483.5,2,110.605,800
2019-04-12 15:10:00,110.653,0.01302755653208827,110.655,20190412,110.655,3:10 PM,110.65,110.658,0.012980593189308005,110.68,110.69,110.6,2630672.1125,167,110.61,23773,22130.5,2,110.65,200
2019-04-12 15:11:00,110.641,0.01291769660349722,110.615,20190412,110.675,3:11 PM,110.61,110.634,0.012760893445624364,110.61,110.68,110.594,3343016.7101,176,110.68,30217,89176.915,10,110.675,806
2019-04-12 15:12:00,110.6,0.01254234184747771,110.6,20190412,110.605,3:12 PM,110.6,110.611,0.012550347857927585,110.62,110.63,110.6,2316197.1581,132,110.61,20940,12276.655,4,110.605,111
2019-04-12 15:13:00,110.621,0.01273459672251205,110.61,20190412,110.63,3:13 PM,110.61,110.618,0.012614426949835228,110.615,110.63,110.605,2905950.2505,183,110.63,26270,123895.9,10,110.625,1120
2019-04-12 15:14:00,110.625,0.012771216698709108,110.63,20190412,110.63,3:14 PM,110.62,110.632,0.01274258513365077,110.62,110.66,110.61,3183885.8075,177,110.615,28779,82304.72,8,110.62,744
2019-04-12 15:15:00,110.643,0.012936006591595686,110.645,20190412,110.645,3:15 PM,110.635,110.647,0.012879897473453044,110.69,110.69,110.62,1557461.3142,95,110.63,14076,53883.115,4,110.635,487
2019-04-12 15:16:00,110.7,0.013457841252403176,110.69,20190412,110.725,3:16 PM,110.69,110.7,0.013365067740754376,110.69,110.73,110.68,2406404.605,139,110.69,21738,49925.765,7,110.69,451
2019-04-12 15:17:00,110.755,0.01396136592511207,110.8,20190412,110.8,3:17 PM,110.74,110.757,0.013886854632003023,110.78,110.8,110.69,3295565.1041,148,110.7,29755,84395.38,6,110.745,762
2019-04-12 15:18:00,110.794,0.014318410693032984,110.82,20190412,110.82,3:18 PM,110.77,110.797,0.014253020871475671,110.813,110.82,110.777,4309549.9434,225,110.78,38896,159432.965,12,110.79,1439
2019-04-12 15:19:00,110.814,0.014501510574018025,110.79,20190412,110.825,3:19 PM,110.79,110.8,0.014280483339436125,110.797,110.835,110.76,4236866.2194,180,110.82,38239,99067.38,9,110.82,894
2019-04-12 15:20:00,110.818,0.014538130550215085,110.85,20190412,110.85,3:20 PM,110.78,110.816,0.014426949835225262,110.85,110.85,110.78,1984275.7008,120,110.79,17906,79345.5,9,110.79,716
2019-04-12 15:21:00,110.833,0.0146754554609539,110.82,20190412,110.84,3:21 PM,110.82,110.832,0.014573416331014269,110.83,110.847,110.82,2516888.66,130,110.847,22709,37904.775,7,110.835,342
2019-04-12 15:22:00,110.8,0.01437334065732851,110.775,20190412,110.83,3:22 PM,110.77,110.796,0.014243866715488938,110.76,110.84,110.76,3881973.3943,187,110.84,35037,84872.605,10,110.83,766
2019-04-12 15:23:00,110.781,0.014199395770392769,110.83,20190412,110.84,3:23 PM,110.765,110.8,0.014280483339436125,110.83,110.84,110.76,3195156.0042,161,110.763,28837,232197.66,10,110.765,2096
2019-04-12 15:24:00,110.796,0.01433672068113158,110.805,20190412,110.83,3:24 PM,110.77,110.797,0.014253020871475671,110.81,110.836,110.77,3330996.2164,173,110.836,30064,216273.82,19,110.83,1952
2019-04-12 15:25:00,110.796,0.01433672068113158,110.78,20190412,110.82,3:25 PM,110.78,110.803,0.014307945807396581,110.78,110.83,110.77,2776508.484,168,110.81,25058,117554.585,11,110.815,1061
2019-04-12 15:26:00,110.84,0.014739540419298718,110.87,20190412,110.88,3:26 PM,110.78,110.856,0.01479311607469791,110.925,110.93,110.78,7621664.882,422,110.78,68753,312789.31,17,110.78,2822
2019-04-12 15:27:00,110.947,0.015719124782568882,110.965,20190412,110.97,3:27 PM,110.94,110.941,0.015571219333577515,110.97,110.97,110.9,3803295.4941,219,110.93,34282,56583.17,5,110.94,510
2019-04-12 15:28:00,110.968,0.015911379657603218,110.98,20190412,110.99,3:28 PM,110.935,110.973,0.01586415232515566,110.98,111.01,110.925,4858508.3,229,110.966,43781,38949.94,7,110.96,351
2019-04-12 15:29:00,111.016,0.016350819371967418,111.03,20190412,111.03,3:29 PM,110.98,111.013,0.016230318564628442,111.02,111.03,110.975,3380999.5861,172,110.98,30456,93919.38,11,110.98,846
2019-04-12 15:30:00,110.982,0.016039549574292742,110.9,20190412,111.05,3:30 PM,110.89,110.972,0.015854998169168796,110.9,111.05,110.89,6703125.7111,324,111.02,60404,201653.935,26,111.03,1817
2019-04-12 15:31:00,110.941,0.015664194818273355,110.95,20190412,110.955,3:31 PM,110.925,110.94,0.015562065177590654,110.965,110.97,110.9,2680970.9105,126,110.9,24166,184383.7,9,110.93,1662
2019-04-12 15:32:00,111.006,0.016259269431474842,111.01,20190412,111.015,3:32 PM,111.0,111.012,0.016221164408641575,111.03,111.03,110.97,2365785.72,136,110.97,21311,268856.72,6,111.015,2422
2019-04-12 15:33:00,111.062,0.016771949098233027,111.08,20190412,111.08,3:33 PM,111.03,111.059,0.016651409740021994,111.07,111.09,111.02,5408266.395,331,111.036,48697,154598.14,13,111.05,1392
2019-04-12 15:34:00,111.077,0.01690927400897184,111.08,20190412,111.09,3:34 PM,111.065,111.081,0.01685280117173204,111.08,111.105,111.05,4177433.215,190,111.08,37607,85418.02,7,111.08,769
2019-04-12 15:35:00,111.064,0.01679025908633149,111.05,20190412,111.08,3:35 PM,111.05,111.066,0.016715488831929762,111.035,111.09,111.03,3474485.7084,176,111.07,31283,91406.06,6,111.07,823
2019-04-12 15:36:00,110.983,0.01604870456834203,110.97,20190412,111.03,3:36 PM,110.96,110.981,0.015937385573050158,110.98,111.04,110.94,3926526.014,215,111.03,35380,30520.22,5,111.03,275
2019-04-12 15:37:00,110.937,0.015627574842076292,110.94,20190412,110.95,3:37 PM,110.91,110.95,0.015653606737458886,110.96,110.99,110.91,4318829.1598,229,110.98,38926,66784.36,8,110.93,602
2019-04-12 15:38:00,111.007,0.01626842442552413,111.02,20190412,111.03,3:38 PM,110.98,111.002,0.016129622848773346,111.035,111.04,110.965,4116526.1585,231,110.97,37085,72709.44,9,110.98,655
2019-04-12 15:39:00,111.006,0.016259269431474842,110.995,20190412,111.03,3:39 PM,110.99,111.013,0.016230318564628442,110.992,111.039,110.985,3722473.29,219,111.03,33532,121219.06,12,111.03,1092
2019-04-12 15:40:00,110.992,0.016131099514785318,111.0,20190412,111.0,3:40 PM,110.98,110.995,0.01606554375686571,111.01,111.015,110.98,3151272.8168,180,110.99,28391,67815.92,9,110.99,611
2019-04-12 15:41:00,111.033,0.0165064542708047,111.03,20190412,111.04,3:41 PM,111.0,111.024,0.016331014280483398,111.03,111.045,110.99,4781804.225,233,111.0,43070,160775.24,8,111.0,1448
2019-04-12 15:42:00,111.011,0.016305044401721064,111.005,20190412,111.025,3:42 PM,110.99,111.01,0.01620285609666798,111.0,111.03,110.98,5676613.5788,249,111.02,51136,123221.9,12,111.02,1110
2019-04-12 15:43:00,111.005,0.016250114437425536,111.01,20190412,111.01,3:43 PM,110.98,110.995,0.01606554375686571,111.007,111.01,110.98,4376195.4427,180,111.0,39427,122549.92,7,111.01,1104
2019-04-12 15:44:00,110.984,0.016057859562391197,110.97,20190412,111.02,3:44 PM,110.97,110.998,0.016093006224826158,110.96,111.03,110.96,4478866.796,229,111.007,40351,455813.25,15,111.015,4107
2019-04-12 15:45:00,110.926,0.015526869907534541,110.925,20190412,110.96,3:45 PM,110.895,110.921,0.015388136213841191,110.925,110.965,110.895,4012794.291,252,110.96,36177,236493.8,17,110.96,2132
2019-04-12 15:46:00,110.939,0.01564588483017476,110.98,20190412,110.98,3:46 PM,110.91,110.95,0.015653606737458886,110.98,110.98,110.9,6067947.8747,255,110.92,54691,158532.26,20,110.92,1429
2019-04-12 15:47:00,111.032,0.0164972992767554,111.05,20190412,111.05,3:47 PM,110.97,111.026,0.01634932259245699,111.04,111.05,110.97,4124179.4847,246,110.97,37146,291125.09,23,110.97,2622
2019-04-12 15:48:00,111.038,0.016552229241050927,111.05,20190412,111.05,3:48 PM,111.015,111.038,0.01645917246429881,111.06,111.06,111.015,4525342.2494,231,111.041,40755,229515.7,15,111.04,2067
2019-04-12 15:49:00,111.146,0.01754096859837038,111.18,20190412,111.18,3:49 PM,111.07,111.138,0.01737458806298069,111.2,111.2,111.05,8106782.0301,443,111.06,72943,300094.5,8,111.08,2700
2019-04-12 15:50:00,111.041,0.016579694223198688,111.015,20190412,111.17,3:50 PM,111.01,111.078,0.016825338703771592,111.035,111.2,111.01,9129189.0008,505,111.2,82187,170225.415,19,111.17,1533
2019-04-12 15:51:00,111.079,0.016927583997070304,111.1,20190412,111.11,3:51 PM,111.015,111.057,0.0166331014280484,111.09,111.12,111.0,9993493.0793,546,111.03,89985,291914.52,26,111.03,2628
2019-04-12 15:52:00,111.071,0.016854344044676315,111.025,20190412,111.1,3:52 PM,111.02,111.067,0.016724642987916497,111.02,111.11,111.01,10234684.0908,545,111.1,92149,448281.745,35,111.09,4036
2019-04-12 15:53:00,111.055,0.016707864139888333,111.09,20190412,111.09,3:53 PM,111.03,111.051,0.01657817649212749,111.095,111.1,111.01,10045049.7605,567,111.01,90454,281636.52,24,111.04,2536
2019-04-12 15:54:00,111.093,0.017055753913759953,111.105,20190412,111.12,3:54 PM,111.065,111.087,0.016907726107652954,111.1,111.12,111.05,9926138.2155,559,111.097,89355,182526.07,20,111.11,1643
2019-04-12 15:55:00,111.105,0.017165613842351,111.09,20190412,111.145,3:55 PM,111.09,111.115,0.017164042475283782,111.09,111.15,111.08,13074733.7475,733,111.11,117669,1013163.635,67,111.11,9119
2019-04-12 15:56:00,111.07,0.016845189050627016,111.085,20190412,111.085,3:56 PM,111.06,111.073,0.016779567923837408,111.09,111.09,111.06,8432358.2134,445,111.08,75917,517139.93,38,111.08,4656
2019-04-12 15:57:00,111.06,0.016753639110134562,111.025,20190412,111.095,3:57 PM,111.015,111.059,0.016651409740021994,111.025,111.1,111.01,11206042.8162,574,111.09,100902,662249.935,57,111.08,5963
2019-04-12 15:58:00,111.08,0.016936738991119603,111.08,20190412,111.11,3:58 PM,111.03,111.076,0.016807030391797862,111.08,111.11,111.02,16914278.4517,786,111.02,152276,803666.24,60,111.03,7235
2019-04-12 15:59:00,111.09,0.01702828893161219,111.15,20190412,111.17,3:59 PM,111.03,111.112,0.017136580007323324,111.18,111.21,111.03,34225127.802,1410,111.08,308025,334046.605,35,111.06,3007
