,open,high,low,close,volume
0,63.95,64.06,63.01,63.62,25393155
1,63.7,64.13,63.04,63.73,16566703
2,62.72,63.12,62.34,62.81,22961532
3,61.46,62.0,60.08,60.27,27630867
4,61.13,61.27,58.85,58.92,22373287
5,58.83,59.22,58.04,58.83,20925529
6,59.45,59.56,58.1,58.96,22971612
7,59.46,59.67,56.91,57.34,28808129
8,58.16,59.38,57.29,58.2,31296332
9,56.45,57.57,56.22,57.04,38131656
10,57.73,57.97,56.51,57.01,22818919
11,55.63,56.18,54.66,55.51,34646083
12,55.74,56.52,55.06,55.25,31301088
13,56.44,57.16,56.3,56.95,22732187
14,56.48,56.85,55.6,55.66,21114360
15,55.85,57.15,55.81,57.08,17535732
16,57.08,58.27,56.56,57.04,20559961
17,57.52,57.97,56.63,57.28,15497866
18,57.83,59.54,57.51,59.5,26992199
19,59.16,59.65,58.44,58.86,16807936
20,57.88,57.98,56.75,57.03,22448151
21,57.37,57.8,55.02,57.41,31543220
22,57.06,58.52,57.06,58.4,21651256
23,58.58,59.14,57.42,57.75,22001260
24,56.69,56.92,55.53,56.54,28267601
25,55.29,56.69,55.13,56.2,26300049
26,56.57,57.41,55.47,55.52,22389590
27,53.9,53.91,52.5,53.07,44334661
28,55.65,57.57,55.17,57.49,37011352
29,58.23,58.6,57.64,58.35,23730687
30,58.85,59.25,58.39,58.77,21580108
31,58.84,58.86,57.25,57.81,17037776
32,57.5,58.17,57.08,57.82,15658190
33,58.51,58.88,58.42,58.57,14882763
34,57.9,58.09,55.96,56.12,31772544
35,55.2,56.21,54.33,56.14,25560096
36,56.13,57.03,56.04,57.01,14473275
37,57.64,58.11,57.14,57.54,20947508
38,57.41,57.6,56.29,56.3,19554051
39,56.76,59.2,56.67,59.2,23958079
40,59.2,59.9,58.96,59.76,20943122
41,59.58,59.96,59.1,59.96,15790644
42,60.1,60.55,59.53,60.05,18459014
43,59.54,60.05,59.32,59.94,12832395
44,59.21,59.5,58.68,58.78,14132879
45,59.15,59.54,58.68,59.12,13238828
46,59.59,59.67,57.81,58.61,21139207
47,59.39,59.51,58.65,59.34,21054993
48,59.15,59.31,58.6,59.12,13436139
49,58.54,59.21,58.43,59.2,10910468
50,58.98,59.75,58.47,58.92,17423930
51,58.77,59.13,57.99,58.75,19405736
52,60.05,60.97,59.66,60.48,29570210
53,60.22,60.82,59.96,60.46,12684403
54,59.99,60.58,59.62,60.24,12042664
55,60.34,60.51,59.86,59.94,11658691
56,59.3,59.51,58.87,59.48,12921194
57,59.53,59.75,59.18,59.4,11159717
58,59.33,59.33,58.53,59.03,15933428
59,59.46,60.23,59.38,59.71,13307142
60,59.45,59.93,59.11,59.22,14904715
61,59.02,60.06,58.56,59.87,15417527
62,59.44,59.56,58.96,59.2,12305028
63,58.59,58.83,58.21,58.36,12886615
64,58.18,58.88,57.95,58.81,12167852
65,58.26,58.43,57.06,57.32,19226797
66,57.71,58.58,57.69,57.74,13547667
67,57.91,58.88,57.91,58.2,17627802
68,58.34,59.39,58.2,59.28,17779234
69,60.48,62.16,60.38,61.79,37516774
70,61.69,62.91,61.6,62.59,24249920
71,62.88,62.9,61.45,61.87,19290707
72,61.64,62.58,61.53,62.27,13813072
73,62.55,63.48,62.55,63.32,19255617
74,63.48,64.31,63.15,64.24,14594439
75,64.26,64.66,63.34,63.6,15395776
76,63.64,64.38,63.64,63.97,12444665
77,63.6,63.95,63.15,63.6,10687190
78,63.81,64.07,63.33,63.93,12048042
79,63.86,64.64,63.6,64.11,15284125
80,63.64,64.42,63.35,63.6,12852527
81,63.09,63.61,62.7,63.2,16376353
82,63.69,64.0,63.14,63.79,10247330
83,62.9,62.91,61.8,62.56,19120338
84,61.75,62.26,61.27,61.57,17030241
85,61.6,61.99,61.06,61.24,14033862
86,60.7,61.68,60.59,61.6,11057877
87,61.37,61.89,61.05,61.21,11197141
88,61.55,62.26,61.35,62.04,11897151
89,61.97,62.6,61.81,61.81,11254047
90,62.27,62.56,61.37,61.77,11071679
91,61.7,62.4,61.02,61.2,15122325
92,61.21,61.98,61.0,61.66,10951344
93,61.43,62.16,61.15,61.66,12180930
94,61.7,64.17,61.69,64.04,24052314
95,63.53,64.22,62.9,63.39,16076159
96,63.86,64.19,63.37,63.51,11862030
97,63.45,63.87,63.16,63.46,9347540
98,63.94,64.77,63.81,64.54,13839390
99,64.94,66.2,64.92,65.52,18936695
100,65.57,65.58,64.91,65.03,9428352
101,65.21,65.46,65.05,65.43,10116014
102,65.73,65.82,64.96,65.27,15139407
103,64.76,65.92,64.26,65.69,14031018
104,65.52,65.81,65.16,65.81,10637550
105,64.25,64.86,63.55,64.64,20261681
106,64.64,65.76,64.6,65.28,13193497
107,65.45,65.74,65.04,65.06,9924106
108,64.93,65.48,64.92,65.25,9428013
109,64.79,64.9,64.27,64.75,10817761
110,63.93,64.07,63.58,63.84,16678358
111,63.48,64.34,63.26,63.27,14382759
112,62.68,63.47,61.68,62.08,19509322
113,62.41,62.98,61.91,61.97,16982140
114,61.45,62.3,60.9,62.22,16791228
115,62.3,62.71,61.93,62.28,15751497
116,63.45,63.85,62.34,62.37,12213239
117,62.73,63.0,62.14,62.95,11611632
118,62.95,63.71,62.68,62.71,12643492
119,63.7,64.15,63.53,64.05,16583609
120,60.48,61.7,59.34,59.6,44108712
121,58.71,58.75,57.05,57.61,37925291
122,59.19,59.55,58.26,59.52,29088741
123,60.36,61.21,60.0,61.2,21483012
124,61.63,62.19,61.02,62.14,21343616
125,61.52,62.01,61.16,61.26,14217796
126,60.45,60.6,59.1,59.55,23357694
127,59.01,60.29,58.76,60.19,20429800
128,60.52,61.14,60.16,60.58,13771417
129,61.33,62.17,61.33,61.83,16998814
130,62.42,62.95,62.14,62.27,13151438
131,63.03,63.56,62.89,63.2,16588124
132,63.08,63.43,62.64,63.16,18526932
133,64.74,64.98,64.05,64.12,28985935
134,64.75,64.8,63.61,64.18,17607090
135,64.13,64.4,63.9,63.96,10824364
136,63.61,64.1,63.46,63.86,9737390
137,64.11,64.23,63.71,63.93,10411068
138,64.0,64.18,63.63,63.69,9952750
139,63.9,64.09,63.6,64.04,8195688
140,63.98,64.17,63.67,63.87,8168252
141,63.98,64.26,63.71,64.13,8067766
142,64.08,64.69,64.06,64.33,11806756
143,64.0,64.19,63.72,64.1,10013424
144,63.8,64.29,63.75,63.97,13210412
145,64.15,64.31,63.61,63.8,11422601
146,63.59,64.01,63.38,63.65,13550022
147,63.69,64.67,63.65,64.66,13122345
148,64.49,64.81,64.27,64.56,9873007
149,65.14,66.37,65.07,66.3,20752730
150,66.07,66.48,65.84,66.1,11359174
151,66.18,66.28,65.69,65.87,10096971
152,65.92,66.07,65.16,65.28,11556086
153,65.27,65.69,65.02,65.46,9604549
154,64.97,65.35,64.86,65.32,7685383
155,65.56,65.83,65.46,65.72,8371557
156,65.36,65.96,65.24,65.71,10128856
157,65.8,65.98,65.54,65.89,11868065
158,65.62,65.99,65.53,65.95,9313621
159,65.72,65.91,65.22,65.86,9084877
160,65.75,65.88,65.41,65.8,9055631
161,66.07,66.34,65.76,65.77,8949607
162,65.99,66.23,65.77,65.95,10167204
163,65.91,66.14,65.79,66.07,9978651
164,66.33,66.88,65.84,66.22,14038597
165,66.49,67.1,66.46,66.95,14583145
166,66.96,67.59,66.95,67.5,13791151
167,67.46,67.77,66.86,67.5,14952329
168,67.64,67.72,66.65,67.21,12226517
169,67.4,67.58,66.98,67.49,13720662
170,67.5,67.55,66.71,67.44,16649371
171,67.16,67.59,66.96,67.16,10070407
172,67.22,67.68,67.0,67.25,12252961
173,67.03,67.43,66.64,66.65,19686877
174,66.14,67.3,65.76,67.06,16452983
175,66.11,66.86,65.82,66.53,18876069
176,66.27,67.25,66.21,66.4,12648595
177,66.29,66.93,66.09,66.64,12639749
178,66.09,66.26,65.44,65.82,25161488
179,66.15,66.64,65.85,66.19,13466874
180,66.75,66.85,66.24,66.46,10092157
181,66.84,67.13,66.31,66.84,14116774
182,66.99,67.42,66.84,67.39,12781744
183,67.39,67.9,67.18,67.25,13967357
184,66.6,66.8,65.54,65.78,16408130
185,65.41,66.41,65.11,66.36,13711386
186,66.58,66.77,65.99,66.71,11278036
187,66.7,67.21,65.35,65.65,18727192
188,66.08,67.06,66.08,66.59,21680093
189,66.35,66.92,66.26,66.51,14901651
190,66.21,67.18,66.1,66.6,17226890
191,66.89,68.07,66.8,67.69,16279971
192,67.73,67.97,67.05,67.87,17484978
193,67.79,68.18,67.4,68.11,18497019
194,68.34,69.06,68.23,68.64,13027466
195,68.5,68.82,67.93,68.31,15657104
196,68.26,68.59,68.05,68.13,11899831
197,67.46,67.87,66.82,67.74,17890046
198,68.8,69.03,67.3,67.52,24163776
199,67.42,67.79,66.73,67.17,14963411
200,67.85,68.21,67.54,67.7,11870286
201,67.81,68.5,67.81,68.35,12705774
202,68.08,68.68,67.94,68.26,14122005
203,67.81,68.53,67.7,68.49,12175674
204,68.97,69.05,68.5,68.87,10197123
205,68.88,68.93,68.38,68.8,9945050
206,68.37,69.25,68.37,69.13,9801266
207,69.49,69.77,69.1,69.23,14210699
208,69.53,69.55,68.47,69.11,12766498
209,69.43,69.58,69.23,69.26,14336299
210,69.48,69.78,68.33,68.97,15564491
211,68.65,68.85,68.01,68.68,12449788
212,68.86,69.19,68.22,68.38,10369670
213,68.49,68.56,67.64,67.76,13571306
214,69.08,69.97,69.0,69.88,16515137
215,69.7,70.55,69.24,70.03,17531748
216,71.46,74.15,71.32,73.25,50948378
217,74.22,77.25,74.22,76.65,56192320
218,76.3,76.72,75.77,76.69,27574323
219,77.25,80.44,77.25,79.51,46130653
220,78.37,79.41,77.78,79.36,28126307
221,78.22,78.35,76.88,77.4,26054926
222,77.93,78.45,77.6,78.02,19306721
223,77.96,78.42,77.55,77.71,19769965
224,78.0,78.17,77.29,78.05,11983529
225,78.34,78.56,77.76,78.53,14410100
226,78.87,79.24,77.89,78.86,13401387
227,79.1,79.45,78.47,78.83,6185719
228,78.18,78.87,78.02,78.32,13007242
229,78.39,79.16,78.39,78.92,14144062
230,79.92,80.53,79.7,80.17,25351899
231,80.65,82.28,80.65,81.79,23823632
232,81.8,81.83,80.9,81.6,16931504
233,82.3,83.29,82.29,83.26,18529840
234,83.6,83.81,82.43,83.69,16130043
235,83.55,84.09,82.85,84.07,18996905
236,84.23,85.5,83.94,85.12,20844853
237,85.02,85.5,84.14,85.49,14567202
238,85.36,85.79,84.29,84.73,14511332
239,84.98,85.67,83.82,84.76,16669046
240,83.88,86.12,83.76,84.73,22622633
241,85.4,86.49,84.9,86.0,19438924
242,86.29,86.29,84.89,84.94,23008520
243,84.8,85.44,84.19,85.43,21685098
244,85.79,86.54,85.55,86.53,14587310
245,86.43,86.81,86.03,86.75,11400484
246,86.44,87.17,86.21,86.89,13924219
247,87.0,87.15,86.4,87.05,10759433
248,87.05,87.16,86.75,87.13,6946360
249,87.16,87.39,86.35,86.5,9455586
250,86.58,86.67,85.04,85.89,14689042
251,86.1,86.42,85.66,86.29,13617776
252,87.34,87.76,85.98,87.23,20550714
253,86.96,87.18,86.4,86.91,15266596
254,86.81,87.11,85.26,86.11,14300816
255,86.39,86.62,85.94,86.12,12893298
256,85.73,86.77,85.52,86.18,12806609
257,86.07,86.9,85.72,86.43,13989033
258,86.43,87.08,85.91,87.08,14713067
259,86.76,87.27,86.02,86.24,21337435
260,87.11,88.17,86.1,86.7,28295985
261,84.93,85.22,83.28,83.55,30024625
262,83.63,84.23,83.03,83.94,21270134
263,84.06,84.67,83.12,83.3,16555554
264,83.43,83.83,83.28,83.67,18436790
265,83.3,84.0,83.2,83.71,12179161
266,83.92,85.0,83.56,84.72,15175319
267,85.84,86.17,85.17,86.03,17550952
268,85.95,86.95,85.95,86.75,15962835
269,86.66,86.98,86.27,86.93,12535420
270,86.19,86.5,85.32,86.03,13661859
271,85.6,86.15,84.09,84.63,15655126
272,85.54,86.1,84.68,84.95,15430940
273,84.34,84.91,84.16,84.59,11081359
274,86.19,87.31,85.86,87.18,17885244
275,86.79,87.45,86.61,86.77,11828416
276,87.14,87.4,86.48,86.72,9392832
277,86.18,86.31,85.37,85.96,13970870
278,86.42,87.33,86.13,87.2,13749123
279,87.48,87.48,86.89,87.0,10992466
280,87.44,88.74,87.43,88.15,18739103
281,88.3,89.7,88.11,89.56,17932086
282,90.08,90.87,89.35,90.59,17381807
283,90.4,91.04,89.77,90.53,17672724
284,89.82,90.47,89.69,90.23,15776589
285,90.51,91.15,90.46,91.01,14068315
286,90.52,91.3,90.42,91.06,11838980
287,91.18,91.34,90.52,91.13,11066952
288,90.18,90.54,89.73,90.33,15062298
289,90.32,90.72,90.02,90.43,12360988
290,89.84,90.82,89.58,90.62,15183542
291,92.79,93.98,92.61,93.6,24451380
292,93.87,93.92,92.03,92.14,16862487
293,92.23,93.11,92.19,92.8,12861607
294,92.25,92.32,91.1,91.92,15059178
295,91.64,92.09,91.21,91.41,11156845
296,92.68,92.85,91.1,91.21,17378401
297,91.6,92.14,91.15,91.57,13726237
298,91.95,92.0,90.53,91.28,13729948
299,91.31,91.78,90.93,91.36,10004297
300,91.02,91.65,90.77,91.51,10237702
301,91.8,92.55,91.13,91.73,16601394
302,92.03,92.81,91.57,91.64,14492039
303,91.83,92.04,90.65,90.68,21734743
304,90.27,91.17,89.79,90.03,14623597
305,90.36,90.64,87.06,87.39,33089241
306,86.89,88.07,86.01,87.53,21741025
307,87.21,88.5,87.09,87.39,16090092
308,87.79,88.09,86.77,87.29,16093237
309,85.53,87.4,85.23,87.24,16689294
310,87.02,89.02,86.98,88.6,16264403
311,88.6,88.82,88.08,88.27,10207578
312,88.2,89.46,88.12,89.03,11630996
313,88.71,88.74,87.75,87.84,16987605
314,87.99,88.17,86.6,87.52,19831778
315,86.89,87.67,86.72,87.31,14280832
316,88.42,88.54,86.13,86.19,17635486
317,85.98,86.91,85.25,86.48,14379588
318,85.93,86.81,85.71,86.18,13097108
319,86.08,86.69,85.4,85.88,15081616
320,85.54,85.79,84.8,85.73,14690492
321,85.93,85.95,85.03,85.4,14730636
322,85.5,86.99,84.4,84.4,30529763
323,84.44,86.08,84.37,85.86,19071650
324,85.36,85.63,84.74,85.16,14127049
325,85.5,85.92,84.36,84.46,17588506
326,84.98,85.78,84.55,85.55,15635808
327,85.5,85.68,84.51,84.52,19820592
328,86.55,88.05,86.42,87.5,25468285
329,88.55,89.13,88.26,88.26,18253752
330,88.35,89.05,88.14,88.43,12832154
331,88.37,88.37,87.01,87.61,13329025
332,87.6,87.85,86.95,87.0,10755629
333,87.36,87.74,86.56,87.06,15712266
334,86.71,86.88,86.02,86.5,14414164
335,86.06,87.1,86.02,87.0,11540536
336,87.69,87.73,86.57,87.1,11540103
337,87.25,87.34,86.42,87.0,9436036
338,87.04,87.32,86.65,87.1,8162209
339,87.26,87.84,86.5,86.75,10273937
340,86.53,87.48,86.47,87.43,8334867
341,87.09,87.48,86.35,87.16,10907382
342,86.68,87.05,86.34,86.92,8738802
343,87.1,87.49,86.86,87.34,8835631
344,87.36,88.09,87.34,87.61,9794968
345,86.11,86.39,83.97,84.27,24679728
346,84.07,84.8,83.36,83.96,23350068
347,84.21,85.34,84.15,84.78,13412878
348,85.18,85.29,84.21,84.7,11635998
349,84.75,86.07,84.51,85.76,11753016
350,85.88,85.97,85.24,85.71,9923251
351,85.99,86.08,85.08,85.35,12238543
352,85.11,85.56,85.02,85.36,8113464
353,85.13,85.15,83.78,83.9,12603176
354,83.73,83.82,81.64,82.15,28327925
355,82.46,83.08,81.65,83.06,17123490
356,82.29,82.99,81.98,82.64,14998489
357,82.64,83.51,82.58,82.79,9080165
358,82.29,83.22,82.13,82.96,12196816
359,83.31,84.11,83.1,83.91,13711071
360,83.91,85.73,83.89,84.95,17950964
361,85.51,87.05,85.39,86.96,19120172
362,87.32,87.74,86.29,86.98,16053405
363,87.55,87.85,86.98,87.27,12557225
364,86.77,87.31,85.82,87.09,16175654
365,86.25,87.08,86.24,86.57,12509682
366,86.85,86.96,86.02,86.18,16936572
367,86.97,88.23,86.85,88.07,15972336
368,87.75,87.92,87.37,87.52,11197809
369,87.48,87.55,86.76,87.12,10005941
370,86.93,87.36,86.65,87.02,12180579
371,87.66,88.0,86.61,86.86,18812029
372,87.01,87.67,86.61,87.24,10082422
373,87.71,88.94,87.5,88.05,15415152
374,88.6,90.07,88.6,89.82,17466177
375,92.34,92.65,90.31,91.15,27697818
376,91.96,92.0,91.16,91.4,16892700
377,91.56,93.48,91.41,92.75,13208087
378,93.12,93.79,92.61,93.68,17535404
379,93.54,94.51,92.88,93.38,16596123
380,93.96,94.17,93.23,93.85,12817808
381,93.5,93.68,93.09,93.19,13987191
382,93.33,93.33,92.28,92.83,13262282
383,92.61,92.83,92.07,92.51,13540107
384,92.69,93.38,92.34,93.1,12820084
385,90.81,92.61,90.58,92.25,22235168
386,91.82,91.99,91.25,91.39,14374219
387,90.45,91.58,90.32,91.07,14719404
388,91.34,91.62,91.0,91.2,11651245
389,91.15,91.72,90.9,91.2,11561740
390,91.06,91.36,90.52,90.89,10971292
391,90.96,91.54,90.91,91.28,10725116
392,92.37,93.52,92.27,92.8,16447678
393,93.1,93.19,91.68,91.93,11815499
394,91.83,92.06,91.16,91.55,12332375
395,91.45,91.75,90.91,91.28,9351915
396,91.51,92.36,91.5,91.8,11520329
397,92.49,93.14,92.28,93.03,12523725
398,92.86,93.21,92.5,93.11,10165604
399,92.7,93.13,92.23,92.5,11078804
400,93.5,94.4,93.47,93.66,14323999
401,93.89,94.19,93.71,94.02,7978339
402,93.95,95.22,93.6,93.68,13745401
403,92.98,93.68,92.83,93.53,11214440
404,92.9,93.07,92.07,92.19,13252269
405,92.13,92.67,91.24,91.42,10679534
406,92.37,92.9,92.33,92.49,10994793
407,93.31,93.56,92.65,92.73,8812720
408,93.04,93.23,91.88,92.09,11085401
409,91.76,91.96,90.5,90.65,13837463
410,90.31,91.54,90.19,90.74,13040738
411,90.85,90.94,90.16,90.63,11502065
412,91.07,91.71,91.0,91.56,9211781
413,90.87,92.34,90.84,91.67,8811292
414,91.93,92.12,91.41,91.52,8623165
415,91.88,92.48,91.8,91.89,11794644
416,92.16,92.19,91.13,91.6,7292915
417,90.45,91.31,90.31,91.1,10886082
418,91.25,91.88,91.19,91.31,9165342
419,91.81,91.85,90.8,90.89,13217404
420,91.25,92.36,90.95,91.7,9815834
421,91.02,91.11,89.02,89.51,17031549
422,90.0,90.52,89.64,90.11,11845663
423,90.11,90.13,88.08,88.53,14592255
424,88.31,89.42,88.24,88.42,14242198
425,89.39,90.25,88.95,89.79,13219047
426,90.17,91.25,90.1,90.89,14003776
427,90.61,91.5,90.32,91.15,12485428
428,91.2,91.53,90.74,90.97,10562826
429,91.08,91.71,90.76,91.62,18171794
430,91.93,93.14,91.85,92.92,11318699
431,92.71,94.36,92.52,93.94,12626131
432,94.1,95.29,93.71,94.6,15311581
433,94.46,95.37,94.19,95.03,10851489
434,94.7,94.98,94.43,94.83,8358310
435,94.51,94.88,93.45,94.12,10463432
436,93.78,94.03,93.34,93.7,9358111
437,94.97,95.72,94.58,95.18,15090226
438,95.59,95.88,94.91,95.38,10270398
439,95.3,95.52,95.02,95.51,11438412
440,95.77,96.88,95.46,96.84,13797213
441,96.83,97.43,96.77,97.35,9633452
442,97.3,97.44,96.28,96.36,12166633
443,96.0,97.4,95.55,97.09,14236219
444,97.55,97.64,96.47,96.92,10231853
445,96.96,97.07,96.14,96.41,7765100
446,96.45,97.18,96.24,97.13,10631527
447,96.83,97.01,96.14,96.84,14283617
448,97.3,97.5,95.62,95.99,18251616
449,95.48,96.71,94.96,95.86,13190576
450,96.34,97.95,96.34,97.84,12434009
451,98.07,98.18,97.32,97.62,10335687
452,98.15,98.55,97.63,97.99,10158626
453,97.19,98.2,97.09,98.11,9133863
454,99.28,99.89,98.73,99.51,15326608
455,99.51,99.99,99.24,99.34,9238624
456,99.88,101.19,99.76,100.92,13000801
457,101.25,101.45,100.19,101.02,14632741
458,101.35,102.42,101.32,101.74,13054361
459,101.43,102.23,101.05,101.77,10400446
460,101.13,101.93,100.87,101.41,8839456
461,101.37,101.7,100.57,100.61,8690197
462,101.1,101.7,100.73,100.92,8418239
463,100.87,101.77,100.16,101.59,8731788
464,101.1,101.53,100.73,101.41,7103513
465,101.34,101.69,100.66,100.78,8121544
466,100.56,100.75,98.25,98.75,18822583
467,98.27,98.37,97.15,97.64,18524671
468,97.12,98.22,96.81,97.63,13697785
469,97.81,98.34,97.5,97.51,9314009
470,96.69,98.05,96.62,97.86,9303072
471,97.34,97.78,96.85,97.27,11043772
472,96.39,98.74,95.95,98.19,15384080
473,98.53,99.06,98.31,98.47,9808033
474,97.82,98.41,97.57,98.14,9017866
475,98.45,99.14,97.76,99.01,9483200
476,99.5,99.55,98.91,98.93,13389407
477,99.03,99.52,98.59,98.64,7342248
478,98.83,98.9,98.26,98.32,3680043
479,98.31,99.13,97.93,97.93,13076207
480,98.21,101.7,97.97,101.36,16772956
481,102.41,104.22,101.96,103.73,21105546
482,104.74,106.66,104.04,104.52,23945890
483,104.9,105.32,102.2,104.79,19683510
484,107.73,108.4,106.77,106.95,23576608
485,107.17,107.41,104.12,105.72,17193948
486,105.41,105.76,104.53,104.93,15476226
487,103.95,105.19,103.73,104.62,13371781
488,105.08,105.94,104.34,105.93,13506869
489,105.72,106.06,105.31,105.62,10591228
490,105.92,107.37,105.54,106.85,15508840
491,106.7,107.11,105.48,105.51,15020293
492,106.12,106.45,104.64,104.66,13034232
493,105.79,106.52,105.2,106.14,29350598
494,107.19,107.63,106.48,106.96,12713148
495,107.35,107.49,106.44,106.51,12149937
496,107.6,107.73,106.09,106.14,13091473
497,106.59,108.07,106.56,107.83,12323670
498,108.2,108.46,106.81,107.45,14573385
499,107.2,107.99,106.4,107.02,7403739
500,106.67,107.29,106.67,107.22,9496548
501,107.4,107.84,107.16,107.79,7440555
502,108.09,108.28,106.94,106.94,8925701
503,107.63,108.02,106.81,107.95,13578835
504,107.86,108.49,107.48,108.06,11901037
505,108.36,110.03,108.2,109.04,12953656
506,109.26,109.55,107.78,108.34,14154974
507,108.15,108.68,107.7,108.5,12466512
508,108.72,109.63,108.49,109.05,13292310
509,109.47,110.7,109.39,110.25,15834468
510,110.67,110.93,110.05,110.84,13676788
511,111.65,112.85,110.84,112.67,18884229
512,111.51,113.43,111.07,112.27,22703336
513,111.89,113.3,111.31,112.99,14940266
514,112.76,113.72,112.27,113.26,14572911
515,113.94,114.34,112.8,113.01,18785468
516,112.66,114.39,112.5,114.33,12475654
517,113.67,114.64,113.35,114.21,12320751
518,114.86,116.0,114.66,115.67,15904504
519,116.04,116.17,115.08,115.7,13509957
520,115.7,116.32,114.96,116.32,13883875
521,116.02,117.35,116.02,116.2,11679919
522,115.53,116.6,114.98,115.11,14279124
523,115.65,116.66,115.16,115.67,13141423
524,115.77,116.98,115.48,116.87,13800613
525,116.49,116.92,114.09,114.28,16477307
526,113.0,114.59,103.98,108.8,30097591
527,106.85,112.48,106.61,112.11,33114833
528,111.55,114.45,111.15,112.87,21878324
529,113.11,113.11,107.84,107.88,27425837
530,109.1,111.05,106.23,110.04,28188027
531,111.17,112.72,110.07,111.74,18043325
532,111.32,113.05,110.8,112.43,16358181
533,112.63,115.27,112.53,115.03,15186858
534,115.74,115.98,114.22,115.51,12130197
535,114.55,116.07,114.5,114.68,13214253
536,114.65,115.39,113.97,114.71,13461495
537,115.0,117.45,114.67,115.19,14212461
538,115.5,116.42,114.76,114.98,17070356
539,115.31,117.39,115.31,117.31,12162523
540,118.14,118.9,117.32,118.77,16511229
541,118.91,119.33,117.35,117.36,17563345
542,117.82,118.49,115.34,115.5,17735637
543,115.48,116.64,112.65,113.43,18690017
544,112.39,113.56,111.12,113.32,18353697
545,112.05,115.92,111.89,115.06,13933039
546,115.64,115.82,114.32,115.16,10674360
547,113.75,115.1,113.11,114.73,13006514
548,115.11,115.23,113.21,114.74,11173721
549,116.55,118.08,115.67,118.04,15366583
550,118.0,118.75,117.25,117.66,12339295
551,118.2,118.47,115.83,116.25,13312340
552,116.56,116.59,114.6,114.95,12905124
553,115.87,116.0,114.83,115.24,8747977
554,115.34,116.6,115.34,115.44,19888948
555,115.1,115.45,113.3,114.53,13214919
556,114.87,115.44,114.44,114.64,9921175
557,114.81,116.63,114.21,114.74,13632983
558,113.2,113.6,109.54,109.95,22550426
559,110.27,110.92,106.76,107.01,23081509
560,109.19,111.16,108.64,110.31,20217469
561,111.07,111.69,107.3,108.17,18039921
562,108.28,109.17,106.65,108.0,19189269
563,108.5,110.78,107.78,109.97,13274639
564,109.96,110.73,106.08,107.85,18822525
565,108.36,109.5,107.26,109.33,14050737
566,107.1,111.21,107.02,110.99,15302608
567,111.63,112.83,111.39,111.88,16627035
568,110.55,111.55,107.82,109.09,18906018
569,110.01,112.98,109.89,110.4,15974349
570,112.13,112.87,111.42,112.51,14003640
571,111.66,111.81,110.52,110.62,14503294
572,111.56,114.39,111.5,113.37,16435523
573,115.02,115.15,109.05,110.3,39152760
574,110.94,111.47,109.79,110.21,16580538
575,111.37,111.92,109.99,110.21,15501350
576,110.53,111.07,108.89,109.32,16081436
577,109.53,111.87,109.5,111.72,17910955
578,112.3,112.74,110.88,111.47,15584384
579,111.57,111.95,110.63,110.93,11285831
580,111.75,112.9,109.59,110.41,16453112
581,110.27,110.53,108.6,109.99,13548246
582,109.97,110.82,109.34,110.1,10299488
583,109.55,110.16,109.13,109.4,9383967
584,109.75,110.3,108.75,108.78,13744860
585,108.45,108.97,107.54,108.78,10503353
586,108.11,109.49,107.73,107.92,12162086
587,107.59,107.77,105.18,107.24,15379091
588,106.43,108.74,105.98,108.43,11967906
589,108.76,109.68,108.36,109.37,9356721
590,109.53,111.34,109.28,110.99,12543228
591,111.44,113.64,111.03,113.41,11368094
592,113.19,114.44,112.75,114.29,9159709
593,114.49,114.73,113.67,113.86,10253045
594,114.11,114.7,113.74,113.9,8710654
595,113.91,113.91,112.57,113.03,11536212
596,112.89,113.69,112.63,113.34,7571089
597,113.2,113.41,112.2,112.96,8617204
598,112.75,112.8,110.84,111.13,11806349
599,112.05,112.54,111.92,112.15,9441931
600,112.35,114.29,112.29,113.01,11507550
601,112.51,112.77,111.12,112.49,11453916
602,112.14,112.15,110.11,111.23,14084769
603,110.46,111.08,110.19,110.66,8283548
604,109.18,109.2,104.95,105.93,30643840
605,107.64,108.6,106.65,108.35,17490845
606,107.95,108.19,106.42,107.01,19808203
607,108.34,108.94,107.8,108.4,13594185
608,108.99,109.25,108.27,108.45,9415437
609,108.24,108.31,107.07,107.84,10415231
610,108.66,110.74,108.48,110.36,15453563
611,111.18,111.5,110.03,110.8,13444427
612,110.62,111.14,110.06,111.11,10383168
613,111.12,111.91,110.77,110.83,12642897
614,111.14,111.53,109.52,110.19,15294082
615,110.46,111.44,109.58,109.97,14979749
616,110.28,110.36,107.78,108.03,20487343
617,107.8,108.38,106.27,107.9,26028572
618,107.26,108.4,106.69,108.18,9786825
619,106.9,107.88,106.6,107.55,12707154
620,108.18,108.64,107.44,107.54,8876903
621,107.1,108.21,106.53,107.51,11048735
622,108.16,108.37,105.51,105.75,19938788
623,105.66,105.7,103.96,104.79,16907607
624,104.71,105.21,103.11,104.86,17086772
625,104.68,105.92,103.23,103.24,16276833
626,103.68,105.46,103.51,104.93,14491252
627,106.68,106.9,104.15,104.2,18972393
628,103.72,105.09,103.38,105.08,11130044
629,105.41,105.78,103.52,103.61,8311680
630,104.13,104.38,103.53,103.72,10723412
631,103.12,104.5,102.2,104.06,12173700
632,104.71,107.46,104.71,107.28,13900793
633,108.02,108.4,106.53,106.62,14575873
634,106.31,107.06,106.21,106.39,10186482
635,107.42,107.56,105.97,106.85,12456754
636,107.3,107.8,105.14,106.36,21303844
637,107.05,110.77,106.98,110.58,24662621
638,110.69,110.93,109.75,110.5,14821876
639,110.42,112.12,110.2,111.53,14244944
640,111.06,111.09,109.73,109.89,16775305
641,110.0,111.74,109.78,111.28,13582631
642,111.06,114.24,110.93,113.35,18140010
643,113.55,114.78,113.42,114.15,14000419
644,113.88,115.52,113.38,115.18,13331966
645,115.42,115.58,114.58,114.85,11897769
646,115.18,116.3,114.81,116.03,12805930
647,116.28,117.61,116.06,116.73,13411618
648,117.08,117.08,114.82,114.95,15843763
649,115.75,116.69,115.28,115.66,13531590
650,114.57,116.25,114.33,116.15,11058108
651,116.0,117.13,115.94,117.09,11016102
652,116.79,117.53,116.18,117.12,9857351
653,117.74,118.29,117.33,117.55,10562067
654,117.33,118.27,117.28,117.79,8997220
655,117.51,117.72,116.69,116.88,9694541
656,115.5,115.95,114.68,115.73,12630949
657,115.56,115.88,113.81,113.89,10340337
658,114.27,115.04,113.65,114.65,10597611
659,113.82,114.33,112.97,113.7,10152082
660,114.35,115.31,114.3,114.77,10118820
661,114.64,115.07,114.3,114.77,8505111
662,114.59,115.05,114.11,114.62,8618739
663,115.37,116.39,114.88,115.32,10976680
664,115.31,115.41,114.78,114.97,8314901
665,114.96,115.15,114.43,114.73,9265593
666,114.98,115.22,114.45,114.68,8845718
667,115.22,117.28,115.17,116.71,13768021
668,117.0,117.03,115.97,116.14,8302618
669,116.35,116.37,115.36,115.76,7221744
670,115.59,116.04,114.98,115.19,8991802
671,114.83,114.84,113.82,114.58,13065719
672,114.34,115.24,113.63,115.15,10174177
673,115.0,115.7,114.25,114.59,11462446
674,114.5,114.7,113.5,114.1,9877635
675,114.5,114.77,113.63,114.32,10955590
676,114.85,114.97,113.66,113.71,8276936
677,113.54,114.58,113.18,114.43,9333781
678,114.25,114.88,112.85,113.08,10800758
679,113.37,114.13,112.67,113.52,12470769
680,113.81,114.49,113.23,113.5,10337948
681,113.79,114.43,113.3,113.84,9561297
682,114.33,114.66,113.56,114.3,7944210
683,114.44,118.06,114.44,117.62,16052776
684,118.5,119.24,118.08,118.63,15589976
685,119.13,119.23,117.74,117.85,24788247
686,117.76,118.46,116.43,116.72,12492474
687,117.04,117.97,116.32,116.39,9308310
688,116.75,116.87,114.66,115.02,14023640
689,115.42,115.76,114.16,114.52,13282987
690,113.65,114.24,112.52,112.84,15815120
691,113.37,114.61,113.04,113.5,10147110
692,113.36,114.12,112.81,113.97,13753074
693,114.94,115.66,114.48,115.04,17141962
694,114.55,116.81,114.21,115.27,16357406
695,115.83,116.1,114.02,114.62,13777633
696,114.25,115.78,113.35,115.32,14370869
697,114.67,115.03,113.67,114.52,14069477
698,114.7,114.95,111.47,111.47,23086389
699,110.97,111.47,107.38,108.13,33705616
700,110.37,110.83,105.6,106.95,32075740
701,107.2,108.85,106.32,106.34,18903216
702,107.16,108.78,106.73,108.62,19302764
703,108.38,110.8,108.23,109.83,18794482
704,109.02,109.84,107.81,108.09,17582467
705,107.65,109.22,107.27,107.91,15234549
706,108.15,108.34,106.11,106.36,16199139
707,104.2,106.16,103.7,105.25,21407548
708,104.76,105.03,102.91,103.29,23168916
709,104.18,105.9,103.72,104.86,17464708
710,104.0,104.56,102.73,103.42,19174916
711,104.46,106.63,103.7,104.85,18445175
712,105.71,106.98,104.86,106.7,18019681
713,108.08,110.48,107.79,109.02,20859992
714,109.62,110.22,108.32,108.98,13065023
715,109.9,110.81,107.49,108.38,19009518
716,108.61,109.29,108.42,109.09,10276448
717,108.67,109.67,107.76,109.6,10824959
718,110.37,111.73,109.35,111.48,12679585
719,111.01,112.92,111.0,112.38,11662499
720,112.23,112.36,110.83,111.29,10432161
721,111.42,111.94,108.6,108.95,13279671
722,109.1,111.12,109.1,109.59,13746059
723,110.23,110.71,105.98,107.33,18361433
724,108.24,110.08,106.81,110.07,19099954
725,109.45,110.76,108.55,109.99,13798551
726,109.96,111.2,109.53,110.83,13986991
727,109.78,110.49,107.98,108.45,18936153
728,109.03,109.61,107.64,107.64,10619625
729,106.74,107.39,106.06,106.65,6488406
730,107.72,109.98,107.45,109.26,13948285
731,108.76,110.03,108.63,109.72,9238176
732,109.8,111.4,108.87,110.94,13977257
733,110.27,110.8,109.64,110.06,11144347
734,109.85,111.32,109.58,111.19,18652718
735,112.38,112.89,111.74,112.24,16033180
736,111.6,111.6,106.73,107.23,23555940
737,105.01,105.36,102.88,105.19,27213946
738,105.16,106.98,102.91,103.29,19248595
739,102.87,103.49,99.28,101.36,23636429
740,103.13,103.66,100.21,100.37,16860677
741,101.66,102.9,100.06,101.02,22621487
742,101.55,101.97,100.67,101.12,17250942
743,99.99,101.94,99.86,100.29,19879525
744,99.77,100.56,98.44,99.01,25113534
745,99.42,100.89,98.12,98.54,20837150
746,98.41,100.58,96.6,97.29,28767868
747,96.61,98.28,95.69,96.45,31825218
748,96.68,98.43,93.69,94.17,41313933
749,92.89,94.22,92.14,92.14,17009280
750,92.69,95.96,91.11,95.96,22542900
751,94.82,97.15,93.55,97.04,20304683
752,97.95,98.32,96.44,96.83,17963271
753,97.59,98.81,96.77,97.62,13237180
754,95.95,99.78,95.94,99.31,15670850
755,98.64,98.89,96.69,97.11,16286426
756,99.11,100.93,98.28,100.69,16935205
757,100.43,101.47,99.71,100.76,15430712
758,101.63,101.82,99.55,100.57,13578777
759,100.81,101.49,99.93,100.4,14230331
760,100.02,100.73,99.27,100.39,14376430
761,99.89,100.17,98.95,99.91,15439850
762,98.87,101.36,98.66,100.94,21258458
763,98.89,102.47,98.6,101.68,26504852
764,102.25,103.45,101.8,102.5,18532952
765,102.11,103.5,101.92,102.92,14247564
766,103.77,104.9,102.83,104.59,16428710
767,103.08,103.59,102.13,102.94,17083681
768,103.44,103.7,101.97,102.68,12146678
769,102.13,103.09,101.94,102.74,11296764
770,103.51,104.31,102.74,103.39,14412559
771,102.89,104.24,102.59,103.88,12283089
772,103.88,105.11,103.73,104.17,9743271
773,104.14,105.24,103.78,104.41,12526274
774,103.41,103.8,102.73,103.5,17520551
775,104.0,104.85,103.52,103.88,13000780
776,103.79,104.25,103.01,104.25,9871549
777,104.52,104.55,103.29,103.79,12762982
778,103.71,104.62,103.47,103.74,8744957
779,103.25,103.5,101.44,102.38,13177489
780,102.08,102.33,100.06,101.36,12892562
781,101.76,102.01,100.77,100.88,10978516
782,101.95,102.92,101.89,102.6,12852252
783,102.9,103.85,102.9,103.09,10754061
784,102.47,103.1,101.35,102.42,11518530
785,103.9,105.7,103.66,105.55,14716861
786,104.91,105.37,103.81,105.18,12764888
787,105.21,105.8,104.88,105.69,10030326
788,105.45,105.99,104.96,105.47,8400075
789,105.7,106.09,104.78,105.0,10647258
790,105.75,107.27,105.69,106.1,11230679
791,104.5,105.47,103.94,105.29,15465393
792,105.18,105.38,104.5,105.16,9968822
793,105.01,105.21,104.18,104.36,15156850
794,105.1,105.91,104.2,104.43,13813310
795,104.92,105.92,103.27,104.19,12466285
796,104.13,104.55,103.26,104.11,10856646
797,103.86,104.57,103.55,103.72,9070782
798,103.25,103.47,102.16,102.97,12705739
799,101.99,103.23,101.99,103.01,10582371
800,103.98,104.55,103.66,104.35,9763235
801,104.59,104.79,103.75,104.04,10219100
802,104.19,104.98,103.95,104.39,13022241
803,104.5,105.87,104.46,105.34,10926470
804,105.41,106.8,105.23,106.55,24811730
805,106.55,107.78,106.5,107.19,12935514
806,108.2,108.4,106.55,106.8,12889267
807,106.43,106.65,104.41,104.52,14920658
808,103.49,103.49,102.28,102.87,19751044
809,101.82,102.32,99.52,99.76,31115189
810,99.59,100.57,98.09,98.93,21032295
811,99.82,100.4,98.82,99.92,15987129
812,99.88,100.45,99.08,99.58,12753234
813,100.0,100.8,99.74,100.71,12454070
814,101.54,101.99,100.58,101.23,14523395
815,102.15,104.68,102.12,104.64,17499280
816,104.6,105.44,104.33,105.14,10295539
817,105.81,106.36,104.78,105.35,11499209
818,104.55,105.73,104.45,105.56,11952078
819,105.8,106.11,104.99,105.31,9933660
820,105.11,105.65,104.91,105.65,8056282
821,105.08,105.2,104.25,104.87,9092188
822,105.13,105.72,104.47,105.34,10882304
823,105.71,106.73,105.56,106.23,11183845
