,average,changeOverTime,close,date,high,label,low,marketAverage,marketChangeOverTime,marketClose,marketHigh,marketLow,marketNotional,marketNumberOfTrades,marketOpen,marketVolume,notional,numberOfTrades,open,volume
2019-04-12 09:30:00,120.614,0.0,120.58,20190412,120.8,09:30 AM,120.55,120.671,0.0,120.47,120.82,120.45,51336351.6099,750,120.64,425423,198288.995,13,120.8,1644
2019-04-12 09:31:00,120.521,-0.0007710547697614168,120.63,20190412,120.64,09:31 AM,120.42,120.518,-0.0012679102684158231,120.63,120.65,120.4,11260579.7036,489,120.465,93435,248635.53,22,120.45,2063
2019-04-12 09:32:00,120.635,0.0001741091415590296,120.64,20190412,120.72,09:32 AM,120.545,120.643,-0.00023203586611535328,120.61,120.746,120.54,15832079.3786,589,120.625,131231,566985.67,29,120.68,4700
2019-04-12 09:33:00,120.646,0.00026530916808991057,120.675,20190412,120.7,09:33 AM,120.57,120.626,-0.00037291478482818325,120.67,120.72,120.56,9941066.5265,545,120.61,82412,301856.095,24,120.625,2502
2019-04-12 09:34:00,120.666,0.00043112739814608994,120.595,20190412,120.735,09:34 AM,120.595,120.659,-9.944394262084887e-05,120.6,120.735,120.58,9783741.5264,430,120.66,81086,476148.875,25,120.66,3946
2019-04-12 09:35:00,120.681,0.0005554910706882539,120.78,20190412,120.78,09:35 AM,120.61,120.677,4.972197131042443e-05,120.76,120.785,120.57,8063767.0664,327,120.605,66821,313891.62,11,120.61,2601
2019-04-12 09:36:00,120.742,0.0010612366723597602,120.65,20190412,120.805,09:36 AM,120.65,120.734,0.0005220806987593388,120.64,120.805,120.64,9397974.3805,429,120.76,77840,392171.12,28,120.76,3248
2019-04-12 09:37:00,120.672,0.00048087286716295556,120.79,20190412,120.79,09:37 AM,120.62,120.701,0.0002486098565520044,120.78,120.815,120.62,10389727.0791,485,120.65,86078,183542.7,18,120.62,1521
2019-04-12 09:38:00,120.731,0.0009700366458287613,120.685,20190412,120.79,09:38 AM,120.685,120.729,0.0004806457226673577,120.715,120.79,120.68,8306188.21,404,120.77,68800,258485.015,16,120.785,2141
2019-04-12 09:39:00,120.726,0.000928582088314746,120.67,20190412,120.79,09:39 AM,120.67,120.733,0.0005137937035410132,120.665,120.79,120.66,6596491.386,379,120.72,54637,96943.28,9,120.71,803
2019-04-12 09:40:00,120.759,0.0012021821679075067,120.805,20190412,120.81,09:40 AM,120.68,120.751,0.0006629596174722866,120.81,120.81,120.67,6005406.2294,295,120.67,49734,93346.87,12,120.69,773
2019-04-12 09:41:00,120.824,0.001741091415590178,120.89,20190412,120.89,09:41 AM,120.785,120.868,0.0016325380580254453,120.94,120.955,120.77,12642189.101,653,120.81,104595,119495.17,12,120.815,989
2019-04-12 09:42:00,120.94,0.002702837149916207,120.915,20190412,120.975,09:42 AM,120.915,120.945,0.0022706366898425194,120.92,120.98,120.9,11602836.1026,378,120.95,95935,611474.525,30,120.94,5056
2019-04-12 09:43:00,120.895,0.002329746132289715,120.85,20190412,120.925,09:43 AM,120.83,120.892,0.001831425943267143,120.85,120.94,120.83,10037190.245,472,120.92,83026,808182.375,45,120.915,6685
2019-04-12 09:44:00,120.699,0.0007047274777388508,120.62,20190412,120.835,09:44 AM,120.605,120.694,0.00019060089002325442,120.645,120.835,120.59,10411466.4089,512,120.835,86263,658773.44,43,120.835,5458
2019-04-12 09:45:00,120.646,0.00026530916808991057,120.61,20190412,120.68,09:45 AM,120.595,120.647,-0.00019888788524169773,120.6,120.69,120.585,7489775.9933,437,120.645,62080,452541.66,29,120.655,3751
2019-04-12 09:46:00,120.585,-0.0002404364335815956,120.5,20190412,120.605,09:46 AM,120.48,120.538,-0.0011021703640477808,120.43,120.605,120.43,7545204.3654,399,120.594,62596,168096.205,15,120.59,1394
2019-04-12 09:47:00,120.412,-0.0016747641235677299,120.43,20190412,120.45,09:47 AM,120.39,120.417,-0.0021048967854745953,120.39,120.46,120.38,8884743.2523,396,120.44,73783,200245.3,14,120.4,1663
2019-04-12 09:48:00,120.388,-0.0018737459996351923,120.385,20190412,120.39,09:48 AM,120.385,120.41,-0.002162905752003463,120.425,120.45,120.37,6269536.2766,289,120.389,52068,25762.96,3,120.39,214
2019-04-12 09:49:00,120.433,-0.0015006549820087004,120.44,20190412,120.445,09:49 AM,120.42,120.436,-0.0019474438763248786,120.435,120.46,120.41,7765597.8086,426,120.43,64479,128621.92,10,120.44,1068
2019-04-12 09:50:00,120.448,-0.001376291309466654,120.485,20190412,120.485,09:50 AM,120.4,120.454,-0.001798277962393723,120.474,120.51,120.4,10292594.328,509,120.45,85448,313165.0,25,120.46,2600
2019-04-12 09:51:00,120.523,-0.0007544729467558342,120.52,20190412,120.57,09:51 AM,120.49,120.517,-0.0012761972636342665,120.54,120.57,120.475,7315414.5576,236,120.48,60700,355182.82,22,120.49,2947
2019-04-12 09:52:00,120.558,-0.000464291044157373,120.555,20190412,120.57,09:52 AM,120.55,120.561,-0.0009115694740244087,120.55,120.59,120.52,5141921.9652,238,120.56,42650,61725.68,7,120.56,512
2019-04-12 09:53:00,120.534,-0.0006632729202248354,120.55,20190412,120.57,09:53 AM,120.48,120.534,-0.0011353183449213187,120.55,120.57,120.46,6234841.5434,305,120.55,51727,113060.83,11,120.57,938
2019-04-12 09:54:00,120.6,-0.00011607276103943161,120.685,20190412,120.685,09:54 AM,120.54,120.626,-0.00037291478482818325,120.67,120.69,120.524,6224403.2936,306,120.55,51601,208034.675,13,120.54,1725
2019-04-12 09:55:00,120.669,0.00045600013265452275,120.65,20190412,120.72,09:55 AM,120.65,120.677,4.972197131042443e-05,120.659,120.73,120.625,6828008.0205,325,120.68,56581,222634.3,19,120.67,1845
2019-04-12 09:56:00,120.608,-4.97454690168656e-05,120.58,20190412,120.63,09:56 AM,120.58,120.603,-0.0005635156748515555,120.59,120.655,120.56,4410566.5135,218,120.654,36571,185857.33,15,120.63,1541
2019-04-12 09:57:00,120.585,-0.0002404364335815956,120.62,20190412,120.62,09:57 AM,120.56,120.585,-0.0007126815887828288,120.59,120.64,120.545,5821014.5936,227,120.59,48273,176777.255,10,120.56,1466
2019-04-12 09:58:00,120.612,-1.6581823005700414e-05,120.585,20190412,120.63,09:58 AM,120.585,120.609,-0.000513793703541131,120.57,120.63,120.57,4613888.2115,180,120.588,38255,675426.0,19,120.61,5600
2019-04-12 09:59:00,120.614,0.0,120.625,20190412,120.625,09:59 AM,120.56,120.603,-0.0005635156748515555,120.625,120.63,120.547,4890340.3897,243,120.56,40549,1372222.945,45,120.56,11377
2019-04-12 10:00:00,120.628,0.00011607276103931379,120.65,20190412,120.655,10 AM,120.59,120.629,-0.00034805379917297104,120.65,120.67,120.563,7657885.1455,399,120.625,63483,941501.66,71,120.625,7805
2019-04-12 10:01:00,120.686,0.0005969456282023871,120.72,20190412,120.72,10:01 AM,120.61,120.674,2.4860985655212216e-05,120.713,120.727,120.61,5204794.5546,250,120.668,43131,757187.02,44,120.66,6274
2019-04-12 10:02:00,120.684,0.0005803638051966868,120.665,20190412,120.71,10:02 AM,120.64,120.677,4.972197131042443e-05,120.663,120.714,120.63,2559443.764,124,120.71,21209,167991.58,18,120.7,1392
2019-04-12 10:03:00,120.67,0.000464291044157373,120.675,20190412,120.695,10:03 AM,120.615,120.669,-1.6573990436886655e-05,120.675,120.7,120.61,4709236.2988,226,120.665,39026,451546.96,30,120.67,3742
2019-04-12 10:04:00,120.666,0.00043112739814608994,120.65,20190412,120.695,10:04 AM,120.62,120.671,0.0,120.642,120.7,120.62,3592133.985,208,120.68,29768,386131.48,20,120.68,3200
2019-04-12 10:05:00,120.66,0.0003813819291292244,120.665,20190412,120.685,10:05 AM,120.62,120.663,-6.629596174731109e-05,120.665,120.71,120.62,7121317.9692,328,120.641,59018,158789.3,15,120.665,1316
2019-04-12 10:06:00,120.656,0.0003482182831180592,120.635,20190412,120.69,10:06 AM,120.62,120.654,-0.00014087891871294775,120.635,120.695,120.61,6582540.1,255,120.676,54557,161075.345,16,120.68,1335
2019-04-12 10:07:00,120.616,1.658182300558259e-05,120.61,20190412,120.655,10:07 AM,120.575,120.612,-0.0004889327178859188,120.615,120.66,120.56,4904334.39,280,120.64,40662,230135.18,23,120.635,1908
2019-04-12 10:08:00,120.613,-8.290911502850207e-06,120.58,20190412,120.635,10:08 AM,120.57,120.578,-0.0007706905553115787,120.57,120.635,120.537,4279805.082,197,120.62,35494,227717.58,15,120.625,1888
2019-04-12 10:09:00,120.541,-0.0006052365397052374,120.54,20190412,120.55,10:09 AM,120.535,120.559,-0.0009281434644612954,120.55,120.59,120.53,3653291.0236,179,120.56,30303,68105.78,6,120.545,565
2019-04-12 10:10:00,120.597,-0.0001409454955478644,120.6,20190412,120.6,10:10 AM,120.585,120.573,-0.0008121255314036776,120.6,120.605,120.54,3712089.3855,226,120.56,30787,60298.5,5,120.585,500
2019-04-12 10:11:00,120.612,-1.6581823005700414e-05,120.6,20190412,120.625,10:11 AM,120.59,120.613,-0.0004806457226674755,120.59,120.63,120.59,4918587.4265,253,120.6,40780,265588.625,25,120.6,2202
2019-04-12 10:12:00,120.577,-0.0003067637256040438,120.55,20190412,120.58,10:12 AM,120.55,120.555,-0.0009612914453348332,120.505,120.59,120.505,6104539.2884,311,120.59,50637,147103.6,5,120.57,1220
2019-04-12 10:13:00,120.486,-0.0010612366723597602,120.455,20190412,120.51,10:13 AM,120.455,120.484,-0.0015496681058416008,120.43,120.52,120.425,5099355.6395,239,120.505,42324,120485.58,9,120.5,1000
2019-04-12 10:14:00,120.477,-0.0011358548758850584,120.53,20190412,120.53,10:14 AM,120.46,120.488,-0.0015165201249679452,120.5,120.533,120.41,7069399.6622,300,120.435,58673,72647.48,6,120.46,603
2019-04-12 10:15:00,120.491,-0.0010197821148457448,120.5,20190412,120.52,10:15 AM,120.47,120.486,-0.0015330941154047143,120.46,120.522,120.45,7828079.615,424,120.52,64971,295685.88,20,120.52,2454
2019-04-12 10:16:00,120.502,-0.0009285820883148637,120.5,20190412,120.505,10:16 AM,120.49,120.489,-0.001508233129749502,120.51,120.52,120.45,4033372.5926,193,120.455,33475,133998.38,12,120.49,1112
2019-04-12 10:17:00,120.535,-0.0006549820087221029,120.545,20190412,120.55,10:17 AM,120.5,120.54,-0.0010855963736108943,120.54,120.56,120.5,4620898.8946,233,120.51,38335,524569.74,35,120.51,4352
2019-04-12 10:18:00,120.575,-0.00032334554860962637,120.6,20190412,120.615,10:18 AM,120.54,120.587,-0.0006961075983459421,120.6,120.63,120.54,6951728.3576,371,120.545,57649,543312.605,37,120.54,4506
2019-04-12 10:19:00,120.623,7.461820352529839e-05,120.635,20190412,120.655,10:19 AM,120.61,120.628,-0.0003563407943914144,120.635,120.66,120.6,6422829.025,303,120.62,53245,549438.705,45,120.61,4555
2019-04-12 10:20:00,120.651,0.00030676372560392595,120.69,20190412,120.705,10:20 AM,120.59,120.642,-0.0002403228613337966,120.69,120.705,120.59,7091804.485,381,120.64,58784,634988.265,53,120.63,5263
2019-04-12 10:21:00,120.671,0.0004725819556602232,120.67,20190412,120.705,10:21 AM,120.63,120.673,1.657399043676889e-05,120.67,120.712,120.63,6174005.3292,286,120.71,51163,483889.45,43,120.705,4010
2019-04-12 10:22:00,120.733,0.0009866184688344618,120.76,20190412,120.775,10:22 AM,120.67,120.732,0.0005055067083225699,120.74,120.78,120.67,6351816.1188,309,120.68,52611,961154.115,71,120.675,7961
2019-04-12 10:23:00,120.731,0.0009700366458287613,120.72,20190412,120.755,10:23 AM,120.71,120.734,0.0005220806987593388,120.72,120.76,120.71,4211796.7355,228,120.75,34885,393944.56,32,120.735,3263
2019-04-12 10:24:00,120.721,0.0008871275308007306,120.75,20190412,120.755,10:24 AM,120.67,120.727,0.0004640717322305888,120.77,120.77,120.67,4934471.6918,265,120.727,40873,595395.15,47,120.725,4932
2019-04-12 10:25:00,120.772,0.001309964017444088,120.795,20190412,120.8,10:25 AM,120.75,120.784,0.0009364304596796209,120.815,120.82,120.75,9525136.7356,430,120.77,78861,462317.305,42,120.765,3828
2019-04-12 10:26:00,120.838,0.001857164176629492,120.82,20190412,120.845,10:26 AM,120.82,120.83,0.0013176322397261298,120.82,120.85,120.82,4197273.5793,233,120.82,34737,61627.2,6,120.84,510
2019-04-12 10:27:00,120.834,0.0018240005306183267,120.845,20190412,120.87,10:27 AM,120.815,120.84,0.0014005021919102098,120.826,120.88,120.81,12314590.9713,560,120.826,101908,232967.48,17,120.82,1928
2019-04-12 10:28:00,120.884,0.002238546105758834,120.92,20190412,120.92,10:28 AM,120.83,120.874,0.0016822600293358698,120.91,120.92,120.83,7291259.0829,314,120.83,60321,317684.16,25,120.83,2628
2019-04-12 10:29:00,120.891,0.0022965824862785497,120.9,20190412,120.91,10:29 AM,120.865,120.889,0.0018065649576119308,120.875,120.92,120.86,2786261.7121,155,120.92,23048,65160.57,7,120.91,539
2019-04-12 10:30:00,120.85,0.001956655114663223,120.895,20190412,120.895,10:30 AM,120.82,120.844,0.0014336501727837475,120.895,120.9,120.8,8060438.8878,414,120.875,66701,124959.31,12,120.85,1034
2019-04-12 10:31:00,120.881,0.0022136733712504013,120.88,20190412,120.885,10:31 AM,120.875,120.875,0.001690547024554313,120.87,120.89,120.855,3191572.95,189,120.89,26404,84616.5,7,120.875,700
2019-04-12 10:32:00,120.864,0.002072727875702655,120.875,20190412,120.88,10:32 AM,120.855,120.866,0.0016159640675886763,120.86,120.89,120.825,4830037.3143,262,120.87,39962,88593.39,9,120.87,733
2019-04-12 10:33:00,120.858,0.002022982406685789,120.845,20190412,120.87,10:33 AM,120.845,120.854,0.0015165201249678275,120.845,120.875,120.84,2345900.3031,137,120.86,19411,114815.5,7,120.86,950
2019-04-12 10:34:00,120.843,0.0018986187341436252,120.845,20190412,120.86,10:34 AM,120.815,120.837,0.0013756412062549976,120.86,120.87,120.8,6237737.8127,340,120.84,51621,223318.02,21,120.815,1848
2019-04-12 10:35:00,120.858,0.002022982406685789,120.815,20190412,120.89,10:35 AM,120.815,120.85,0.0014833721440941719,120.835,120.89,120.802,4177076.397,221,120.85,34564,230838.0,16,120.85,1910
2019-04-12 10:36:00,120.774,0.0013265458404496707,120.77,20190412,120.785,10:36 AM,120.76,120.778,0.0008867084883691965,120.76,120.835,120.74,3297962.3511,184,120.83,27306,76933.02,8,120.785,637
2019-04-12 10:37:00,120.787,0.0014343276899862522,120.805,20190412,120.82,10:37 AM,120.77,120.782,0.0009198564692427343,120.79,120.82,120.75,4116728.8268,206,120.765,34084,302691.86,14,120.77,2506
2019-04-12 10:38:00,120.781,0.0013845822209693865,120.775,20190412,120.8,10:38 AM,120.765,120.783,0.0009281434644611776,120.77,120.8,120.76,3004481.62,182,120.8,24875,289994.335,14,120.8,2401
2019-04-12 10:39:00,120.781,0.0013845822209693865,120.795,20190412,120.795,10:39 AM,120.77,120.792,0.0010027264214268142,120.798,120.807,120.76,2259420.0316,129,120.76,18705,135033.01,8,120.77,1118
2019-04-12 10:40:00,120.78,0.0013762913094665364,120.755,20190412,120.815,10:40 AM,120.755,120.786,0.0009530044501163898,120.75,120.82,120.75,4882771.635,307,120.8,40425,143245.635,11,120.775,1186
2019-04-12 10:41:00,120.779,0.0013680003979636862,120.8,20190412,120.8,10:41 AM,120.77,120.779,0.0008949954835875221,120.8,120.8,120.751,4221728.0526,254,120.751,34954,144935.5,10,120.78,1200
2019-04-12 10:42:00,120.786,0.001426036778483402,120.75,20190412,120.815,10:42 AM,120.75,120.776,0.0008701344979323098,120.76,120.82,120.74,5211977.9304,306,120.81,43154,194345.02,11,120.81,1609
2019-04-12 10:43:00,120.693,0.0006549820087219852,120.675,20190412,120.745,10:43 AM,120.65,120.699,0.00023203586611523553,120.675,120.75,120.64,7484648.02,374,120.75,62011,204212.57,20,120.745,1692
2019-04-12 10:44:00,120.642,0.00023214552207862757,120.61,20190412,120.68,10:44 AM,120.61,120.645,-0.0002154618756785844,120.6,120.68,120.6,3280455.9404,179,120.68,27191,110870.35,10,120.68,919
2019-04-12 10:45:00,120.607,-5.8036380519715805e-05,120.565,20190412,120.63,10:45 AM,120.555,120.595,-0.0006298116365987487,120.57,120.64,120.55,6433264.2435,329,120.6,53346,243143.325,15,120.61,2016
2019-04-12 10:46:00,120.612,-1.6581823005700414e-05,120.62,20190412,120.62,10:46 AM,120.58,120.613,-0.0004806457226674755,120.61,120.643,120.57,5167198.4477,280,120.57,42841,137979.58,12,120.58,1144
2019-04-12 10:47:00,120.635,0.0001741091415590296,120.63,20190412,120.64,10:47 AM,120.63,120.629,-0.00034805379917297104,120.62,120.65,120.61,4350951.917,200,120.615,36069,72381.0,5,120.635,600
2019-04-12 10:48:00,120.657,0.00035650919462079157,120.65,20190412,120.675,10:48 AM,120.61,120.643,-0.00023203586611535328,120.645,120.675,120.61,3282453.0144,181,120.62,27208,278477.2,12,120.61,2308
2019-04-12 10:49:00,120.643,0.00024043643358147778,120.655,20190412,120.655,10:49 AM,120.63,120.644,-0.00022374887089690997,120.63,120.66,120.615,4446696.9813,187,120.65,36858,84450.0,7,120.645,700
2019-04-12 10:50:00,120.623,7.461820352529839e-05,120.63,20190412,120.645,10:50 AM,120.61,120.623,-0.00039777577048339546,120.62,120.645,120.6,4116028.0158,231,120.64,34123,121105.16,8,120.645,1004
2019-04-12 10:51:00,120.629,0.000124363672542164,120.63,20190412,120.635,10:51 AM,120.625,120.63,-0.0003397668039546455,120.645,120.65,120.62,3716016.662,189,120.62,30805,97829.93,8,120.63,811
2019-04-12 10:52:00,120.638,0.0001989818760674624,120.645,20190412,120.645,10:52 AM,120.62,120.648,-0.0001906008900233722,120.645,120.67,120.62,4064769.2676,163,120.64,33691,48255.0,4,120.645,400
2019-04-12 10:53:00,120.689,0.0006218183627107022,120.705,20190412,120.705,10:53 AM,120.66,120.687,0.00013259192349438664,120.69,120.715,120.638,3702189.532,192,120.638,30676,174757.12,11,120.66,1448
2019-04-12 10:54:00,120.683,0.0005720728936939544,120.67,20190412,120.695,10:54 AM,120.67,120.681,8.286995218396222e-05,120.675,120.7,120.661,2822862.3194,175,120.68,23391,36205.0,3,120.685,300
2019-04-12 10:55:00,120.65,0.00029847281410119356,120.64,20190412,120.675,10:55 AM,120.635,120.646,-0.00020717488046014107,120.645,120.68,120.615,3224396.505,192,120.67,26726,84455.0,7,120.655,700
2019-04-12 10:56:00,120.635,0.0001741091415590296,120.63,20190412,120.645,10:56 AM,120.63,120.635,-0.0002983318278625466,120.63,120.66,120.62,3435070.0463,130,120.64,28475,84444.5,6,120.64,700
2019-04-12 10:57:00,120.614,0.0,120.615,20190412,120.63,10:57 AM,120.59,120.613,-0.0004806457226674755,120.615,120.634,120.59,2471486.8546,130,120.62,20491,84429.5,7,120.63,700
2019-04-12 10:58:00,120.632,0.00014923640705059678,120.62,20190412,120.655,10:58 AM,120.61,120.637,-0.00028175783742577775,120.625,120.657,120.61,2798427.9359,108,120.61,23197,60316.0,5,120.61,500
2019-04-12 10:59:00,120.627,0.00010778184953646359,120.675,20190412,120.675,10:59 AM,120.61,120.632,-0.00032319281351775883,120.65,120.675,120.6,4239112.3477,170,120.6,35141,186971.9,13,120.61,1550
2019-04-12 11:00:00,120.637,0.0001906909645646122,120.61,20190412,120.645,11 AM,120.61,120.624,-0.0003894887752650699,120.61,120.66,120.6,2785572.8243,151,120.66,23093,62128.04,7,120.64,515
2019-04-12 11:01:00,120.586,-0.0002321455220787454,120.56,20190412,120.62,11:01 AM,120.56,120.58,-0.0007541165648748099,120.55,120.62,120.55,4671505.5516,252,120.61,38742,217054.5,16,120.605,1800
2019-04-12 11:02:00,120.538,-0.0006301092742136702,120.555,20190412,120.56,11:02 AM,120.49,120.526,-0.0012016143066686299,120.555,120.58,120.49,6106476.3198,222,120.55,50665,246380.7,19,120.54,2044
2019-04-12 11:03:00,120.584,-0.000248727345084328,120.58,20190412,120.6,11:03 AM,120.57,120.583,-0.0007292555792195977,120.59,120.61,120.56,2801153.3925,143,120.56,23230,96467.0,7,120.585,800
2019-04-12 11:04:00,120.582,-0.0002653091680900284,120.58,20190412,120.595,11:04 AM,120.57,120.581,-0.0007458295696563665,120.59,120.6,120.56,2993535.68,140,120.59,24826,64149.47,5,120.58,532
2019-04-12 11:05:00,120.574,-0.0003316364601124766,120.615,20190412,120.615,11:05 AM,120.55,120.579,-0.0007624035600932532,120.61,120.615,120.55,4270443.5589,192,120.595,35416,129496.92,11,120.57,1074
2019-04-12 11:06:00,120.593,-0.0001741091415590296,120.575,20190412,120.61,11:06 AM,120.575,120.584,-0.0007209685840011543,120.565,120.61,120.56,2680099.7142,150,120.61,22226,24118.5,2,120.61,200
2019-04-12 11:07:00,120.575,-0.00032334554860962637,120.575,20190412,120.585,11:07 AM,120.57,120.578,-0.0007706905553115787,120.58,120.6,120.56,2948381.791,157,120.56,24452,48230.0,4,120.57,400
2019-04-12 11:08:00,120.547,-0.0005554910706883718,120.53,20190412,120.555,11:08 AM,120.53,120.549,-0.0010110134166452576,120.52,120.57,120.52,3020463.556,140,120.57,25056,186848.75,8,120.55,1550
2019-04-12 11:09:00,120.517,-0.0008042184157726998,120.52,20190412,120.525,11:09 AM,120.5,120.51,-0.0013342062301630164,120.52,120.525,120.49,2935617.71,145,120.51,24360,77130.7,7,120.5,640
2019-04-12 11:10:00,120.465,-0.0012353458139187897,120.44,20190412,120.51,11:10 AM,120.44,120.468,-0.0016822600293359875,120.439,120.51,120.439,3444769.009,179,120.51,28595,180697.5,13,120.51,1500
2019-04-12 11:11:00,120.45,-0.0013597094864609537,120.42,20190412,120.455,11:11 AM,120.42,120.433,-0.001972304861980091,120.405,120.46,120.4,4130747.0919,179,120.44,34299,60345.42,6,120.455,501
2019-04-12 11:12:00,120.398,-0.0017908368846071615,120.39,20190412,120.4,11:12 AM,120.39,120.415,-0.002121470775911364,120.44,120.45,120.39,3222439.9636,161,120.407,26761,60199.0,6,120.4,500
2019-04-12 11:13:00,120.491,-0.0010197821148457448,120.51,20190412,120.515,11:13 AM,120.45,120.488,-0.0015165201249679452,120.51,120.515,120.44,2208787.2211,106,120.44,18332,84343.5,6,120.45,700
2019-04-12 11:14:00,120.49,-0.001028073026348595,120.48,20190412,120.505,11:14 AM,120.48,120.493,-0.0014750851488759642,120.495,120.51,120.47,3575157.489,147,120.51,29671,36147.0,3,120.505,300
2019-04-12 11:15:00,120.496,-0.0009783275573317294,120.525,20190412,120.525,11:15 AM,120.475,120.493,-0.0014750851488759642,120.53,120.53,120.465,3434304.8295,158,120.495,28502,390529.18,18,120.48,3241
2019-04-12 11:16:00,120.498,-0.000961745734326029,120.49,20190412,120.52,11:16 AM,120.49,120.499,-0.0014253631775655398,120.504,120.525,120.48,2844873.2618,157,120.525,23609,69286.25,6,120.52,575
2019-04-12 11:17:00,120.494,-0.000994909380337312,120.475,20190412,120.5,11:17 AM,120.475,120.482,-0.0015662420962783696,120.48,120.513,120.46,4309150.3295,166,120.5,35766,48197.5,3,120.5,400
2019-04-12 11:18:00,120.471,-0.001185600344901924,120.46,20190412,120.495,11:18 AM,120.43,120.46,-0.0017485559910832985,120.47,120.5,120.43,5178802.7865,284,120.485,42992,129626.72,12,120.43,1076
2019-04-12 11:19:00,120.494,-0.000994909380337312,120.495,20190412,120.495,11:19 AM,120.49,120.49,-0.0014999461345311764,120.49,120.5,120.47,1867719.6286,105,120.47,15501,60608.485,5,120.495,503
2019-04-12 11:20:00,120.504,-0.0009120002653091634,120.525,20190412,120.525,11:20 AM,120.48,120.495,-0.0014585111584390776,120.52,120.53,120.47,3163847.0196,135,120.48,26257,48201.5,4,120.48,400
2019-04-12 11:21:00,120.532,-0.0006798547432305357,120.535,20190412,120.54,11:21 AM,120.52,120.529,-0.0011767533210134175,120.535,120.54,120.52,1574955.0745,65,120.52,13067,154160.66,8,120.525,1279
2019-04-12 11:22:00,120.56,-0.00044770922115179037,120.62,20190412,120.62,11:22 AM,120.535,120.583,-0.0007292555792195977,120.615,120.62,120.52,2947768.7022,124,120.531,24446,224845.3,10,120.535,1865
2019-04-12 11:23:00,120.631,0.0001409454955477466,120.625,20190412,120.64,11:23 AM,120.62,120.626,-0.00037291478482818325,120.624,120.64,120.61,2420486.7446,114,120.615,20066,77686.16,7,120.64,644
2019-04-12 11:24:00,120.616,1.658182300558259e-05,120.6,20190412,120.62,11:24 AM,120.6,120.614,-0.00047235872744903214,120.615,120.63,120.594,2549299.4304,138,120.62,21136,69836.48,5,120.62,579
2019-04-12 11:25:00,120.629,0.000124363672542164,120.62,20190412,120.64,11:25 AM,120.62,120.621,-0.00041434976092028213,120.613,120.64,120.595,2703954.3984,113,120.61,22417,37998.3,4,120.625,315
2019-04-12 11:26:00,120.593,-0.0001741091415590296,120.59,20190412,120.62,11:26 AM,120.57,120.592,-0.000654672622253961,120.585,120.625,120.57,1885215.6622,117,120.612,15633,107689.45,10,120.615,893
2019-04-12 11:27:00,120.55,-0.000530618336179939,120.545,20190412,120.59,11:27 AM,120.53,120.554,-0.0009695784405532765,120.574,120.59,120.52,3066642.479,131,120.584,25438,108495.0,8,120.59,900
2019-04-12 11:28:00,120.586,-0.0002321455220787454,120.59,20190412,120.6,11:28 AM,120.58,120.585,-0.0007126815887828288,120.58,120.6,120.57,2186805.1041,114,120.58,18135,144703.5,9,120.585,1200
2019-04-12 11:29:00,120.559,-0.0004560001326546406,120.55,20190412,120.57,11:29 AM,120.55,120.565,-0.0008784214931508709,120.55,120.58,120.54,1850667.8217,103,120.58,15350,48223.5,4,120.57,400
2019-04-12 11:30:00,120.596,-0.00014923640705059678,120.625,20190412,120.625,11:30 AM,120.565,120.589,-0.0006795336079091732,120.627,120.63,120.545,1416442.3659,70,120.555,11746,26892.8,3,120.565,223
2019-04-12 11:31:00,120.646,0.00026530916808991057,120.655,20190412,120.66,11:31 AM,120.63,120.641,-0.0002486098565521222,120.64,120.67,120.625,4181057.8783,160,120.625,34657,60323.0,5,120.63,500
2019-04-12 11:32:00,,,,20190412,,11:32 AM,,120.636,-0.00029004483264422103,120.64,120.647,120.625,1962269.834,118,120.645,16266,0.0,0,,0
2019-04-12 11:33:00,120.649,0.0002901819025983434,120.65,20190412,120.66,11:33 AM,120.63,120.645,-0.0002154618756785844,120.66,120.66,120.626,5304298.7342,263,120.638,43966,124509.48,12,120.65,1032
2019-04-12 11:34:00,120.669,0.00045600013265452275,120.67,20190412,120.685,11:34 AM,120.65,120.665,-4.972197131042443e-05,120.685,120.69,120.641,4035987.155,156,120.65,33448,94001.09,9,120.665,779
2019-04-12 11:35:00,120.685,0.0005886547166995369,120.685,20190412,120.685,11:35 AM,120.685,120.684,0.00010773093783917443,120.68,120.7,120.67,1162187.3133,70,120.685,9630,12068.5,1,120.685,100
2019-04-12 11:36:00,120.685,0.0005886547166995369,120.68,20190412,120.695,11:36 AM,120.68,120.681,8.286995218396222e-05,120.665,120.7,120.66,1496927.5753,94,120.67,12404,60342.5,5,120.695,500
2019-04-12 11:37:00,120.685,0.0005886547166995369,120.7,20190412,120.7,11:37 AM,120.68,120.683,9.944394262084887e-05,120.69,120.7,120.66,1483562.137,61,120.66,12293,70600.8,6,120.68,585
2019-04-12 11:38:00,120.719,0.0008705457077950302,120.74,20190412,120.75,11:38 AM,120.7,120.726,0.00045578473701214547,120.75,120.75,120.695,3839436.9327,163,120.695,31803,163816.09,12,120.7,1357
2019-04-12 11:39:00,120.736,0.0010114912033428946,120.75,20190412,120.75,11:39 AM,120.715,120.739,0.0005635156748514376,120.76,120.77,120.71,3603455.7367,229,120.75,29845,96588.775,11,120.715,800
2019-04-12 11:40:00,120.787,0.0014343276899862522,120.79,20190412,120.805,11:40 AM,120.765,120.782,0.0009198564692427343,120.795,120.805,120.75,3918778.1746,185,120.77,32445,162821.315,13,120.765,1348
2019-04-12 11:41:00,120.785,0.0014177458669805518,120.755,20190412,120.8,11:41 AM,120.755,120.777,0.0008784214931507532,120.74,120.81,120.74,3213273.3295,159,120.78,26605,38289.03,6,120.795,317
2019-04-12 11:42:00,120.744,0.0010778184953653426,120.75,20190412,120.75,11:42 AM,120.74,120.754,0.0006878206031274988,120.779,120.79,120.73,2718538.5761,139,120.74,22513,63149.25,7,120.74,523
2019-04-12 11:43:00,120.785,0.0014177458669805518,120.795,20190412,120.795,11:43 AM,120.775,120.781,0.0009115694740244087,120.79,120.8,120.76,1705066.856,83,120.78,14117,24881.71,3,120.775,206
2019-04-12 11:44:00,120.781,0.0013845822209693865,120.775,20190412,120.805,11:44 AM,120.775,120.781,0.0009115694740244087,120.76,120.805,120.76,2864077.5707,151,120.8,23713,60390.5,5,120.805,500
2019-04-12 11:45:00,120.727,0.0009368729998175962,120.705,20190412,120.765,11:45 AM,120.705,120.744,0.0006049506509434188,120.7,120.78,120.7,2257920.4515,111,120.765,18700,73281.435,5,120.765,607
2019-04-12 11:46:00,120.707,0.0007710547697612989,120.685,20190412,120.715,11:46 AM,120.685,120.701,0.0002486098565520044,120.684,120.73,120.68,4103972.063,170,120.7,34001,136278.865,8,120.715,1129
2019-04-12 11:47:00,120.685,0.0005886547166995369,120.685,20190412,120.695,11:47 AM,120.665,120.689,0.00014916591393115554,120.72,120.72,120.667,1546030.845,82,120.68,12810,75186.72,8,120.685,623
2019-04-12 11:48:00,120.72,0.0008788366192978804,120.72,20190412,120.725,11:48 AM,120.715,120.723,0.00043092375135693326,120.72,120.73,120.71,2130157.4246,72,120.73,17645,48408.715,6,120.725,401
2019-04-12 11:49:00,120.7,0.000713018389241701,120.7,20190412,120.705,11:49 AM,120.695,120.699,0.00023203586611523553,120.7,120.71,120.68,3024727.084,148,120.71,25060,56366.9,6,120.705,467
2019-04-12 11:50:00,120.714,0.0008290911502810147,120.725,20190412,120.725,11:50 AM,120.705,120.714,0.00035634079439129663,120.74,120.74,120.7,836910.2081,52,120.705,6933,49492.65,7,120.705,410
2019-04-12 11:51:00,120.726,0.000928582088314746,120.72,20190412,120.735,11:51 AM,120.72,120.729,0.0004806457226673577,120.72,120.74,120.713,1464686.7848,91,120.734,12132,72314.69,7,120.73,599
2019-04-12 11:52:00,120.74,0.0010446548493540596,120.74,20190412,120.74,11:52 AM,120.74,120.719,0.0003977757704832777,120.7,120.74,120.7,1961921.3602,121,120.72,16252,12074.0,1,120.74,100
2019-04-12 11:53:00,120.708,0.0007793456812641491,120.705,20190412,120.71,11:53 AM,120.705,120.71,0.0003231928135176411,120.696,120.73,120.69,2131851.6893,126,120.7,17661,39109.54,5,120.71,324
2019-04-12 11:54:00,120.702,0.0007296002122472835,120.72,20190412,120.72,11:54 AM,120.68,120.695,0.00019888788524157999,120.72,120.72,120.675,1720028.4492,112,120.69,14251,61316.455,7,120.68,508
2019-04-12 11:55:00,120.738,0.0010280730263484772,120.755,20190412,120.755,11:55 AM,120.72,120.738,0.0005552286796329944,120.74,120.76,120.72,3597281.43,235,120.72,29794,149474.0,13,120.72,1238
2019-04-12 11:56:00,120.728,0.0009451639113203285,120.725,20190412,120.735,11:56 AM,120.72,120.731,0.0004972197131041266,120.727,120.74,120.715,1587738.7633,71,120.74,13151,39236.5,4,120.72,325
2019-04-12 11:57:00,120.723,0.0009037093538063132,120.715,20190412,120.73,11:57 AM,120.715,120.72,0.00040606276570172105,120.71,120.74,120.7,1072358.975,75,120.73,8883,33319.48,3,120.73,276
2019-04-12 11:58:00,120.725,0.0009202911768118957,120.745,20190412,120.745,11:58 AM,120.71,120.732,0.0005055067083225699,120.73,120.75,120.71,1684453.958,103,120.71,13952,40442.85,5,120.71,335
2019-04-12 11:59:00,120.73,0.000961745734326029,120.735,20190412,120.735,11:59 AM,120.725,120.737,0.000546941684414551,120.74,120.75,120.725,1237801.1081,71,120.735,10252,24146.0,2,120.725,200
2019-04-12 12:00:00,120.751,0.0011358548758850584,120.765,20190412,120.765,12 PM,120.745,120.759,0.0007292555792194798,120.765,120.77,120.74,1917535.8155,96,120.74,15879,84525.5,3,120.745,700
2019-04-12 12:01:00,120.745,0.001086109406868193,120.73,20190412,120.755,12:01 PM,120.73,120.746,0.0006215246413801877,120.73,120.76,120.73,2033122.983,112,120.76,16838,26563.98,4,120.75,220
2019-04-12 12:02:00,120.727,0.0009368729998175962,120.725,20190412,120.74,12:02 PM,120.72,120.726,0.00045578473701214547,120.72,120.74,120.71,1471162.7451,73,120.733,12186,72436.0,6,120.74,600
2019-04-12 12:03:00,120.685,0.0005886547166995369,120.675,20190412,120.695,12:03 PM,120.675,120.692,0.00017402689958636775,120.674,120.715,120.67,1098660.85,67,120.715,9103,72411.0,5,120.695,600
2019-04-12 12:04:00,120.679,0.0005389092476826713,120.67,20190412,120.695,12:04 PM,120.66,120.676,4.143497609198111e-05,120.665,120.7,120.654,1893884.5781,115,120.67,15694,62270.34,7,120.66,516
2019-04-12 12:05:00,120.668,0.00044770922115179037,120.655,20190412,120.675,12:05 PM,120.655,120.658,-0.0001077309378392922,120.66,120.675,120.63,1966850.4604,109,120.67,16301,94000.245,8,120.665,779
2019-04-12 12:06:00,120.648,0.0002818909910954932,120.625,20190412,120.67,12:06 PM,120.625,120.646,-0.00020717488046014107,120.62,120.67,120.62,2421855.92,152,120.65,20074,53688.37,7,120.655,445
2019-04-12 12:07:00,120.647,0.0002736000795927608,120.67,20190412,120.67,12:07 PM,120.625,120.651,-0.00016573990436815996,120.64,120.68,120.62,6887006.5661,417,120.63,57082,169509.25,16,120.625,1405
2019-04-12 12:08:00,120.664,0.00041454557514050737,120.68,20190412,120.68,12:08 PM,120.625,120.657,-0.00011601793305773552,120.685,120.69,120.62,2276202.6706,130,120.64,18865,72398.5,6,120.625,600
2019-04-12 12:09:00,120.686,0.0005969456282023871,120.695,20190412,120.695,12:09 PM,120.67,120.681,8.286995218396222e-05,120.685,120.699,120.67,3338880.1179,187,120.69,27667,364229.41,13,120.695,3018
2019-04-12 12:10:00,120.704,0.0007461820352528661,120.705,20190412,120.72,12:10 PM,120.69,120.702,0.00025689685177044774,120.717,120.725,120.68,1241416.0823,73,120.685,10285,13639.59,3,120.69,113
2019-04-12 12:11:00,120.702,0.0007296002122472835,120.7,20190412,120.715,12:11 PM,120.695,120.705,0.00028175783742565995,120.695,120.717,120.69,1790412.7921,81,120.71,14833,37417.5,5,120.715,310
2019-04-12 12:12:00,120.675,0.0005057456016713883,120.68,20190412,120.685,12:12 PM,120.66,120.669,-1.6573990436886655e-05,120.68,120.69,120.652,1256047.61,74,120.69,10409,94005.73,9,120.685,779
2019-04-12 12:13:00,120.655,0.000339927371615209,120.645,20190412,120.675,12:13 PM,120.645,120.667,-3.3147980873655546e-05,120.645,120.68,120.64,2206765.315,135,120.67,18288,241793.14,15,120.675,2004
2019-04-12 12:14:00,120.634,0.00016581823005617938,120.625,20190412,120.645,12:14 PM,120.625,120.63,-0.0003397668039546455,120.625,120.65,120.619,4498764.4432,220,120.65,37294,96266.23,8,120.645,798
2019-04-12 12:15:00,120.654,0.00033163646011235876,120.73,20190412,120.73,12:15 PM,120.63,120.68,7.458295696563666e-05,120.735,120.74,120.625,5685703.9035,352,120.625,47114,79269.665,7,120.63,657
2019-04-12 12:16:00,120.728,0.0009451639113203285,120.715,20190412,120.735,12:16 PM,120.715,120.721,0.0004143497609201644,120.725,120.74,120.7,7390287.4556,349,120.73,61218,238559.22,18,120.73,1976
2019-04-12 12:17:00,120.706,0.0007627638582585665,120.7,20190412,120.73,12:17 PM,120.69,120.711,0.00033147980873608437,120.695,120.73,120.69,3201737.37,129,120.73,26524,84494.0,7,120.725,700
2019-04-12 12:18:00,120.693,0.0006549820087219852,120.69,20190412,120.695,12:18 PM,120.685,120.694,0.00019060089002325442,120.695,120.7,120.69,1735332.7636,77,120.695,14378,53104.9,5,120.695,440
2019-04-12 12:19:00,120.702,0.0007296002122472835,120.695,20190412,120.72,12:19 PM,120.685,120.697,0.00021546187567846663,120.695,120.72,120.68,4870974.2163,232,120.69,40357,124323.055,15,120.695,1030
2019-04-12 12:20:00,120.695,0.0006715638317275677,120.69,20190412,120.7,12:20 PM,120.69,120.693,0.00018231389480481109,120.665,120.7,120.66,3799905.8424,178,120.7,31484,41881.135,7,120.695,347
2019-04-12 12:21:00,120.65,0.00029847281410119356,120.67,20190412,120.67,12:21 PM,120.635,120.656,-0.0001243049282760611,120.67,120.67,120.63,3842424.4838,217,120.66,31846,49225.36,6,120.67,408
2019-04-12 12:22:00,120.672,0.00048087286716295556,120.675,20190412,120.675,12:22 PM,120.66,120.663,-6.629596174731109e-05,120.67,120.68,120.64,2057182.9996,99,120.67,17049,27030.48,7,120.67,224
2019-04-12 12:23:00,120.685,0.0005886547166995369,120.685,20190412,120.685,12:23 PM,120.68,120.678,5.800896652875e-05,120.674,120.685,120.665,2280815.9511,77,120.67,18900,25947.2,4,120.68,215
2019-04-12 12:24:00,120.651,0.00030676372560392595,120.635,20190412,120.675,12:24 PM,120.63,120.648,-0.0001906008900233722,120.635,120.675,120.62,2653653.8982,134,120.67,21995,64065.84,9,120.675,531
2019-04-12 12:25:00,120.64,0.00021556369907304497,120.63,20190412,120.64,12:25 PM,120.63,120.636,-0.00029004483264422103,120.635,120.646,120.62,2859437.5269,142,120.635,23703,14114.85,4,120.64,117
2019-04-12 12:26:00,120.62,4.97454690168656e-05,120.62,20190412,120.62,12:26 PM,120.62,120.626,-0.00037291478482818325,120.625,120.638,120.61,2727588.7718,170,120.635,22612,603.1,1,120.62,5
2019-04-12 12:27:00,120.65,0.00029847281410119356,120.65,20190412,120.66,12:27 PM,120.64,120.647,-0.00019888788524169773,120.64,120.665,120.63,2448177.88,161,120.63,20292,48260.0,6,120.64,400
2019-04-12 12:28:00,120.641,0.00022385461057589518,120.64,20190412,120.65,12:28 PM,120.64,120.644,-0.00022374887089690997,120.64,120.65,120.635,1907019.4339,88,120.64,15807,13873.715,4,120.645,115
2019-04-12 12:29:00,120.64,0.00021556369907304497,120.65,20190412,120.65,12:29 PM,120.63,120.644,-0.00022374887089690997,120.645,120.65,120.63,3254012.4151,166,120.64,26972,38604.81,9,120.65,320
2019-04-12 12:30:00,120.645,0.0002570182565870604,120.65,20190412,120.65,12:30 PM,120.62,120.642,-0.0002403228613337966,120.64,120.655,120.615,3063694.9346,139,120.645,25395,73110.785,6,120.645,606
2019-04-12 12:31:00,120.623,7.461820352529839e-05,120.63,20190412,120.64,12:31 PM,120.615,120.626,-0.00037291478482818325,120.625,120.645,120.61,3315283.723,192,120.645,27484,72373.84,6,120.62,600
2019-04-12 12:32:00,120.626,9.94909380337312e-05,120.62,20190412,120.63,12:32 PM,120.62,120.616,-0.00045578473701226327,120.6,120.64,120.6,1941801.1682,100,120.625,16099,21833.22,2,120.63,181
2019-04-12 12:33:00,120.582,-0.0002653091680900284,120.59,20190412,120.61,12:33 PM,120.58,120.59,-0.0006712466126907299,120.581,120.61,120.575,2426869.3625,128,120.6,20125,50765.18,6,120.61,421
2019-04-12 12:34:00,120.623,7.461820352529839e-05,120.625,20190412,120.625,12:34 PM,120.605,120.616,-0.00045578473701226327,120.618,120.63,120.59,4624304.0008,178,120.6,38339,324354.905,9,120.605,2689
2019-04-12 12:35:00,120.615,8.290911502732386e-06,120.61,20190412,120.62,12:35 PM,120.61,120.611,-0.0004972197131042444,120.584,120.625,120.584,3077497.8902,170,120.62,25516,45471.875,5,120.615,377
2019-04-12 12:36:00,,,,20190412,,12:36 PM,,120.583,-0.0007292555792195977,120.575,120.595,120.574,1711923.5593,73,120.585,14197,0.0,0,,0
2019-04-12 12:37:00,120.589,-0.00020727278757031259,120.625,20190412,120.625,12:37 PM,120.585,120.621,-0.00041434976092028213,120.635,120.65,120.58,12512767.0292,406,120.58,103736,313772.68,8,120.585,2602
2019-04-12 12:38:00,120.625,9.120002653088099e-05,120.63,20190412,120.63,12:38 PM,120.62,120.63,-0.0003397668039546455,120.647,120.65,120.61,9050845.7716,283,120.633,75030,194809.35,4,120.62,1615
2019-04-12 12:39:00,120.66,0.0003813819291292244,120.66,20190412,120.66,12:39 PM,120.655,120.658,-0.0001077309378392922,120.66,120.67,120.64,6619654.1269,220,120.65,54863,12669.275,2,120.655,105
2019-04-12 12:40:00,120.665,0.00042283648664335756,120.67,20190412,120.67,12:40 PM,120.665,120.665,-4.972197131042443e-05,120.65,120.685,120.65,6008258.1547,201,120.66,49793,152400.475,5,120.665,1263
2019-04-12 12:41:00,120.651,0.00030676372560392595,120.675,20190412,120.675,12:41 PM,120.65,120.654,-0.00014087891871294775,120.655,120.68,120.64,4394452.5152,179,120.655,36422,13392.325,4,120.65,111
2019-04-12 12:42:00,120.675,0.0005057456016713883,120.675,20190412,120.675,12:42 PM,120.675,120.661,-8.286995218407998e-05,120.662,120.67,120.65,2819964.9,145,120.655,23371,120.675,1,120.675,1
2019-04-12 12:43:00,120.667,0.0004394183096489402,120.675,20190412,120.675,12:43 PM,120.665,120.668,-2.4860985655212216e-05,120.675,120.68,120.66,3046634.115,159,120.67,25248,90017.82,9,120.665,746
2019-04-12 12:44:00,120.678,0.0005306183361798211,120.665,20190412,120.68,12:44 PM,120.665,120.671,0.0,120.66,120.68,120.654,3735362.5685,155,120.678,30955,60459.665,3,120.675,501
2019-04-12 12:45:00,120.666,0.00043112739814608994,120.665,20190412,120.68,12:45 PM,120.665,120.669,-1.6573990436886655e-05,120.66,120.68,120.65,2549744.019,120,120.663,21130,79760.275,6,120.665,661
2019-04-12 12:46:00,120.66,0.0003813819291292244,120.66,20190412,120.67,12:46 PM,120.66,120.668,-2.4860985655212216e-05,120.66,120.68,120.66,3860303.6263,135,120.66,31991,36922.02,3,120.66,306
2019-04-12 12:47:00,120.644,0.000248727345084328,120.64,20190412,120.665,12:47 PM,120.64,120.656,-0.0001243049282760611,120.64,120.67,120.64,2442674.7787,119,120.66,20245,43914.44,5,120.665,364
2019-04-12 12:48:00,120.642,0.00023214552207862757,120.62,20190412,120.65,12:48 PM,120.62,120.621,-0.00041434976092028213,120.625,120.65,120.6,4527875.4094,215,120.65,37538,35709.915,4,120.65,296
2019-04-12 12:49:00,120.575,-0.00032334554860962637,120.575,20190412,120.58,12:49 PM,120.57,120.592,-0.000654672622253961,120.58,120.625,120.57,4241589.6303,215,120.625,35173,27732.325,4,120.58,230
2019-04-12 12:50:00,120.579,-0.0002901819025984612,120.575,20190412,120.59,12:50 PM,120.575,120.583,-0.0007292555792195977,120.59,120.6,120.57,3566599.66,122,120.58,29578,80184.85,4,120.59,665
2019-04-12 12:51:00,120.59,-0.0001989818760674624,120.59,20190412,120.59,12:51 PM,120.59,120.593,-0.0006463856270355177,120.58,120.6,120.58,1440962.1198,61,120.59,11949,9647.2,1,120.59,80
2019-04-12 12:52:00,120.591,-0.00019069096456473001,120.6,20190412,120.6,12:52 PM,120.58,120.575,-0.0007955515409667909,120.605,120.605,120.56,3274947.799,136,120.58,27161,3255.965,4,120.58,27
2019-04-12 12:53:00,120.636,0.00018240005306176198,120.635,20190412,120.64,12:53 PM,120.635,120.615,-0.00046407173223070655,120.64,120.65,120.6,2727958.1635,150,120.605,22617,15923.98,2,120.64,132
2019-04-12 12:54:00,120.65,0.00029847281410119356,120.65,20190412,120.65,12:54 PM,120.65,120.644,-0.00022374887089690997,120.64,120.65,120.64,958035.2,49,120.645,7941,12065.0,1,120.65,100
2019-04-12 12:55:00,120.63,0.00013265458404489638,120.63,20190412,120.63,12:55 PM,120.63,120.631,-0.00033147980873620217,120.63,120.65,120.62,2927113.1492,120,120.64,24265,12907.41,1,120.63,107
2019-04-12 12:56:00,120.642,0.00023214552207862757,120.64,20190412,120.65,12:56 PM,120.64,120.641,-0.0002486098565521222,120.625,120.65,120.62,2763164.818,121,120.635,22904,15321.55,2,120.65,127
2019-04-12 12:57:00,120.653,0.00032334554860962637,120.665,20190412,120.665,12:57 PM,120.65,120.653,-0.0001491659139312733,120.665,120.67,120.626,3979744.933,178,120.627,32985,70099.15,6,120.65,581
2019-04-12 12:58:00,120.655,0.000339927371615209,120.65,20190412,120.66,12:58 PM,120.65,120.648,-0.0001906008900233722,120.655,120.66,120.633,3021873.605,137,120.66,25047,24492.95,3,120.66,203
2019-04-12 12:59:00,120.66,0.0003813819291292244,120.66,20190412,120.66,12:59 PM,120.66,120.656,-0.0001243049282760611,120.647,120.67,120.64,2054645.9884,98,120.66,17029,48264.0,3,120.66,400
2019-04-12 13:00:00,120.585,-0.0002404364335815956,120.585,20190412,120.585,1 PM,120.585,120.61,-0.0005055067083226877,120.62,120.645,120.585,3837319.1,186,120.645,31816,24117.0,1,120.585,200
2019-04-12 13:01:00,120.638,0.0001989818760674624,120.64,20190412,120.64,1:01 PM,120.62,120.634,-0.00030661882308098996,120.647,120.65,120.61,1241328.9804,54,120.62,10290,17733.8,4,120.62,147
2019-04-12 13:02:00,120.64,0.00021556369907304497,120.64,20190412,120.64,1:02 PM,120.64,120.641,-0.0002486098565521222,120.65,120.655,120.63,3127984.1757,152,120.645,25928,12064.0,1,120.64,100
2019-04-12 13:03:00,,,,20190412,,1:03 PM,,120.662,-7.458295696563666e-05,120.665,120.67,120.65,3270534.29,136,120.65,27105,0.0,0,,0
2019-04-12 13:04:00,120.664,0.00041454557514050737,120.66,20190412,120.665,1:04 PM,120.65,120.66,-9.115694740252331e-05,120.66,120.67,120.65,2579722.795,87,120.665,21380,294178.81,10,120.665,2438
2019-04-12 13:05:00,120.659,0.000373091017626492,120.655,20190412,120.67,1:05 PM,120.655,120.657,-0.00011601793305773552,120.65,120.67,120.65,1762310.31,84,120.655,14606,95441.15,13,120.655,791
2019-04-12 13:06:00,120.638,0.0001989818760674624,120.635,20190412,120.645,1:06 PM,120.625,120.635,-0.0002983318278625466,120.625,120.655,120.62,3369202.0195,175,120.655,27929,46687.095,5,120.645,387
2019-04-12 13:07:00,120.648,0.0002818909910954932,120.67,20190412,120.67,1:07 PM,120.625,120.646,-0.00020717488046014107,120.67,120.67,120.62,4231896.83,226,120.63,35077,25215.45,5,120.625,209
2019-04-12 13:08:00,120.67,0.000464291044157373,120.67,20190412,120.67,1:08 PM,120.67,120.667,-3.3147980873655546e-05,120.665,120.678,120.65,2288933.7257,141,120.67,18969,12067.0,1,120.67,100
2019-04-12 13:09:00,,,,20190412,,1:09 PM,,120.655,-0.0001325919234945044,120.63,120.67,120.63,1792093.844,97,120.67,14853,0.0,0,,0
2019-04-12 13:10:00,120.624,8.290911502803078e-05,120.625,20190412,120.63,1:10 PM,120.615,120.627,-0.0003646277896098577,120.638,120.64,120.61,3540888.5595,115,120.63,29354,60312.0,3,120.63,500
2019-04-12 13:11:00,120.669,0.00045600013265452275,120.665,20190412,120.67,1:11 PM,120.65,120.659,-9.944394262084887e-05,120.66,120.68,120.64,2222908.72,121,120.64,18423,60455.15,6,120.65,501
2019-04-12 13:12:00,120.658,0.00036480010612364175,120.645,20190412,120.67,1:12 PM,120.645,120.653,-0.0001491659139312733,120.645,120.67,120.63,2632528.1945,162,120.66,21819,26182.89,3,120.67,217
2019-04-12 13:13:00,120.649,0.0002901819025983434,120.655,20190412,120.655,1:13 PM,120.64,120.646,-0.00020717488046014107,120.65,120.66,120.635,2326301.3208,88,120.645,19282,157688.085,8,120.64,1307
2019-04-12 13:14:00,120.648,0.0002818909910954932,120.635,20190412,120.655,1:14 PM,120.635,120.644,-0.00022374887089690997,120.64,120.659,120.63,2240723.1674,126,120.65,18573,35470.57,8,120.655,294
2019-04-12 13:15:00,120.655,0.000339927371615209,120.68,20190412,120.68,1:15 PM,120.635,120.654,-0.00014087891871294775,120.679,120.68,120.63,2860471.934,106,120.64,23708,77701.725,8,120.635,644
2019-04-12 13:16:00,120.67,0.000464291044157373,120.67,20190412,120.68,1:16 PM,120.66,120.671,0.0,120.67,120.68,120.66,1678778.8228,84,120.674,13912,46699.36,8,120.67,387
2019-04-12 13:17:00,120.677,0.0005223274246770888,120.66,20190412,120.68,1:17 PM,120.66,120.674,2.4860985655212216e-05,120.665,120.68,120.66,3427619.1239,160,120.665,28404,85197.97,6,120.68,706
2019-04-12 13:18:00,120.656,0.0003482182831180592,120.63,20190412,120.66,1:18 PM,120.62,120.632,-0.00032319281351775883,120.62,120.66,120.61,1977274.795,108,120.66,16391,14478.66,7,120.65,120
2019-04-12 13:19:00,120.653,0.00032334554860962637,120.655,20190412,120.66,1:19 PM,120.63,120.643,-0.00023203586611535328,120.645,120.67,120.62,3154342.4629,161,120.63,26146,134287.265,13,120.63,1113
2019-04-12 13:20:00,120.625,9.120002653088099e-05,120.62,20190412,120.64,1:20 PM,120.62,120.627,-0.0003646277896098577,120.61,120.64,120.61,5749909.2899,256,120.64,47667,62001.255,10,120.64,514
2019-04-12 13:21:00,120.58,-0.000281890991095611,120.57,20190412,120.6,1:21 PM,120.56,120.583,-0.0007292555792195977,120.563,120.615,120.56,5557429.8701,262,120.613,46088,42444.11,7,120.6,352
2019-04-12 13:22:00,120.575,-0.00032334554860962637,120.6,20190412,120.6,1:22 PM,120.57,120.584,-0.0007209685840011543,120.59,120.6,120.56,3625482.1441,146,120.56,30066,38704.455,7,120.57,321
2019-04-12 13:23:00,120.588,-0.0002155636990731628,120.57,20190412,120.59,1:23 PM,120.57,120.579,-0.0007624035600932532,120.56,120.59,120.56,1730793.7342,95,120.587,14354,26167.69,3,120.59,217
2019-04-12 13:24:00,120.563,-0.00042283648664335756,120.57,20190412,120.57,1:24 PM,120.55,120.556,-0.0009530044501165076,120.565,120.57,120.54,3088045.5802,125,120.57,25615,38700.7,6,120.57,321
2019-04-12 13:25:00,,,,20190412,,1:25 PM,,120.564,-0.0008867084883693142,120.565,120.58,120.55,2421286.9694,99,120.57,20083,0.0,0,,0
2019-04-12 13:26:00,120.566,-0.0003979637521349248,120.56,20190412,120.57,1:26 PM,120.56,120.57,-0.0008369865170588898,120.57,120.58,120.56,2024487.6593,110,120.565,16791,843.96,4,120.57,7
2019-04-12 13:27:00,120.588,-0.0002155636990731628,120.59,20190412,120.59,1:27 PM,120.57,120.579,-0.0007624035600932532,120.585,120.59,120.56,3006269.9881,157,120.56,24932,27614.69,4,120.57,229
2019-04-12 13:28:00,120.55,-0.000530618336179939,120.55,20190412,120.57,1:28 PM,120.55,120.565,-0.0008784214931508709,120.54,120.59,120.54,3290943.2367,149,120.582,27296,12175.57,2,120.57,101
2019-04-12 13:29:00,120.547,-0.0005554910706883718,120.56,20190412,120.56,1:29 PM,120.54,120.538,-0.0011021703640477808,120.56,120.567,120.52,2428488.065,146,120.54,20147,9041.01,3,120.54,75
2019-04-12 13:30:00,120.579,-0.0002901819025984612,120.61,20190412,120.61,1:30 PM,120.575,120.597,-0.0006132376461619799,120.603,120.61,120.565,2234786.6097,109,120.57,18531,25683.43,3,120.575,213
2019-04-12 13:31:00,120.605,-7.461820352529839e-05,120.62,20190412,120.62,1:31 PM,120.6,120.605,-0.0005469416844146688,120.615,120.62,120.594,1282027.6002,64,120.61,10630,28221.48,5,120.61,234
2019-04-12 13:32:00,120.616,1.658182300558259e-05,120.61,20190412,120.63,1:32 PM,120.61,120.62,-0.0004226367561386077,120.61,120.63,120.61,2100710.3995,116,120.63,17416,50296.99,7,120.62,417
2019-04-12 13:33:00,120.63,0.00013265458404489638,120.63,20190412,120.63,1:33 PM,120.63,120.624,-0.0003894887752650699,120.635,120.64,120.61,1044608.6233,54,120.615,8660,12063.0,1,120.63,100
2019-04-12 13:34:00,120.595,-0.000157527318553447,120.595,20190412,120.595,1:34 PM,120.595,120.619,-0.000430923751357051,120.6,120.64,120.595,1389771.615,71,120.64,11522,20380.555,1,120.595,169
2019-04-12 13:35:00,120.608,-4.97454690168656e-05,120.61,20190412,120.61,1:35 PM,120.6,120.603,-0.0005635156748515555,120.6,120.616,120.59,2025776.7917,86,120.605,16797,14231.8,2,120.6,118
2019-04-12 13:36:00,120.61,-3.3163646011283e-05,120.61,20190412,120.61,1:36 PM,120.61,120.603,-0.0005635156748515555,120.6,120.618,120.59,2147339.2721,101,120.6,17805,1809.15,1,120.61,15
2019-04-12 13:37:00,120.613,-8.290911502850207e-06,120.61,20190412,120.62,1:37 PM,120.605,120.608,-0.0005220806987594566,120.613,120.62,120.6,2621173.152,114,120.6,21733,132674.5,9,120.605,1100
2019-04-12 13:38:00,120.606,-6.6327292022566e-05,120.61,20190412,120.61,1:38 PM,120.605,120.612,-0.0004889327178859188,120.615,120.625,120.595,2024479.0554,67,120.61,16785,2291.515,2,120.605,19
2019-04-12 13:39:00,120.61,-3.3163646011283e-05,120.62,20190412,120.62,1:39 PM,120.6,120.61,-0.0005055067083226877,120.625,120.625,120.6,749350.507,39,120.613,6213,24122.0,3,120.6,200
2019-04-12 13:40:00,120.624,8.290911502803078e-05,120.63,20190412,120.63,1:40 PM,120.62,120.626,-0.00037291478482818325,120.62,120.631,120.615,1519281.8931,78,120.62,12595,223034.36,9,120.62,1849
2019-04-12 13:41:00,120.621,5.803638051959798e-05,120.6,20190412,120.63,1:41 PM,120.6,120.61,-0.0005055067083226877,120.607,120.626,120.59,1957263.8412,106,120.62,16228,81781.365,3,120.625,678
2019-04-12 13:42:00,120.604,-8.29091150281486e-05,120.6,20190412,120.605,1:42 PM,120.6,120.605,-0.0005469416844146688,120.605,120.615,120.59,1133687.654,53,120.61,9400,96483.5,4,120.605,800
2019-04-12 13:43:00,120.598,-0.0001326545840450142,120.6,20190412,120.6,1:43 PM,120.595,120.599,-0.0005966636557250932,120.6,120.61,120.59,1235773.5832,63,120.6,10247,26169.7,3,120.6,217
2019-04-12 13:44:00,120.615,8.290911502732386e-06,120.62,20190412,120.62,1:44 PM,120.6,120.605,-0.0005469416844146688,120.615,120.62,120.59,2482296.241,97,120.595,20582,34737.22,5,120.6,288
2019-04-12 13:45:00,120.61,-3.3163646011283e-05,120.61,20190412,120.61,1:45 PM,120.61,120.61,-0.0005055067083226877,120.61,120.62,120.6,948840.982,58,120.62,7867,29187.62,3,120.61,242
2019-04-12 13:46:00,120.604,-8.29091150281486e-05,120.605,20190412,120.605,1:46 PM,120.59,120.592,-0.000654672622253961,120.608,120.61,120.57,1494613.887,90,120.6,12394,62834.93,5,120.6,521
2019-04-12 13:47:00,120.601,-0.0001077818495365814,120.6,20190412,120.605,1:47 PM,120.59,120.598,-0.0006049506509435365,120.595,120.61,120.58,928965.67,66,120.605,7703,18090.215,4,120.605,150
2019-04-12 13:48:00,120.59,-0.0001989818760674624,120.59,20190412,120.59,1:48 PM,120.59,120.595,-0.0006298116365987487,120.59,120.605,120.583,1610911.8337,91,120.595,13358,18209.09,2,120.59,151
2019-04-12 13:49:00,120.59,-0.0001989818760674624,120.59,20190412,120.59,1:49 PM,120.59,120.584,-0.0007209685840011543,120.57,120.59,120.57,1259623.31,76,120.585,10446,24118.0,2,120.59,200
2019-04-12 13:50:00,120.555,-0.0004891637786658058,120.545,20190412,120.58,1:50 PM,120.545,120.559,-0.0009281434644612954,120.555,120.58,120.54,3939860.4979,164,120.575,32680,355274.65,10,120.575,2947
2019-04-12 13:51:00,120.555,-0.0004891637786658058,120.56,20190412,120.56,1:51 PM,120.55,120.558,-0.0009364304596796209,120.565,120.57,120.55,1239093.645,76,120.56,10278,27004.44,6,120.56,224
2019-04-12 13:52:00,120.561,-0.0004394183096489402,120.555,20190412,120.57,1:52 PM,120.555,120.562,-0.0009032824788060831,120.565,120.57,120.555,757973.095,38,120.562,6287,88733.02,7,120.565,736
2019-04-12 13:53:00,120.564,-0.00041454557514062517,120.55,20190412,120.575,1:53 PM,120.55,120.565,-0.0008784214931508709,120.55,120.585,120.55,2187889.725,121,120.563,18147,47261.02,5,120.56,392
2019-04-12 13:54:00,120.542,-0.0005969456282023871,120.55,20190412,120.55,1:54 PM,120.54,120.543,-0.001060735387955682,120.535,120.55,120.531,870317.108,57,120.55,7220,15188.3,3,120.55,126
2019-04-12 13:55:00,120.528,-0.000713018389241701,120.53,20190412,120.54,1:55 PM,120.52,120.528,-0.001185040316231743,120.52,120.54,120.51,4214396.3019,185,120.54,34966,7834.29,4,120.53,65
2019-04-12 13:56:00,120.526,-0.0007296002122474014,120.51,20190412,120.53,1:56 PM,120.51,120.522,-0.0012347622875421675,120.53,120.53,120.51,1511701.361,68,120.525,12543,37965.655,4,120.53,315
2019-04-12 13:57:00,120.538,-0.0006301092742136702,120.53,20190412,120.55,1:57 PM,120.53,120.535,-0.001127031349702993,120.535,120.55,120.52,1822127.6189,98,120.54,15117,68345.345,9,120.55,567
2019-04-12 13:58:00,120.521,-0.0007710547697614168,120.52,20190412,120.525,1:58 PM,120.52,120.522,-0.0012347622875421675,120.52,120.538,120.513,2062378.8552,121,120.538,17112,14824.075,2,120.525,123
2019-04-12 13:59:00,120.506,-0.0008954184423035807,120.505,20190412,120.515,1:59 PM,120.505,120.5,-0.0014170761823470964,120.471,120.52,120.471,4888580.849,252,120.51,40569,174492.59,11,120.51,1448
2019-04-12 14:00:00,120.463,-0.00125192763692449,120.47,20190412,120.48,2 PM,120.445,120.454,-0.001798277962393723,120.49,120.49,120.43,7405507.5677,409,120.477,61480,84324.5,7,120.45,700
2019-04-12 14:01:00,120.504,-0.0009120002653091634,120.52,20190412,120.53,2:01 PM,120.5,120.511,-0.001325919234944691,120.525,120.54,120.49,4387674.7933,261,120.49,36409,51575.655,7,120.5,428
2019-04-12 14:02:00,120.545,-0.0005720728936939544,120.54,20190412,120.55,2:02 PM,120.54,120.534,-0.0011353183449213187,120.53,120.56,120.52,4912988.3679,243,120.52,40760,72327.0,5,120.545,600
2019-04-12 14:03:00,120.549,-0.0005389092476826713,120.55,20190412,120.56,2:03 PM,120.525,120.547,-0.0010275874070821442,120.56,120.57,120.525,5328801.4776,289,120.525,44205,48219.5,4,120.525,400
2019-04-12 14:04:00,120.558,-0.000464291044157373,120.57,20190412,120.57,2:04 PM,120.555,120.566,-0.0008701344979324277,120.566,120.57,120.55,1989819.8275,105,120.555,16504,110793.33,6,120.555,919
2019-04-12 14:05:00,120.595,-0.000157527318553447,120.585,20190412,120.61,2:05 PM,120.57,120.6,-0.0005883766605067677,120.593,120.62,120.565,2954713.8,184,120.566,24500,58609.04,6,120.57,486
2019-04-12 14:06:00,120.598,-0.0001326545840450142,120.6,20190412,120.605,2:06 PM,120.59,120.599,-0.0005966636557250932,120.597,120.61,120.59,1771481.193,118,120.59,14689,73565.02,8,120.59,610
2019-04-12 14:07:00,120.588,-0.0002155636990731628,120.61,20190412,120.61,2:07 PM,120.58,120.599,-0.0005966636557250932,120.58,120.61,120.58,2203713.78,113,120.59,18273,27855.77,4,120.58,231
2019-04-12 14:08:00,120.58,-0.000281890991095611,120.58,20190412,120.58,2:08 PM,120.58,120.581,-0.0007458295696563665,120.581,120.595,120.57,1137799.7941,69,120.58,9436,1326.38,3,120.58,11
2019-04-12 14:09:00,120.609,-4.1454557514133214e-05,120.62,20190412,120.62,2:09 PM,120.59,120.603,-0.0005635156748515555,120.62,120.623,120.584,1011740.22,67,120.585,8389,41007.07,7,120.59,340
2019-04-12 14:10:00,120.631,0.0001409454955477466,120.635,20190412,120.65,2:10 PM,120.615,120.633,-0.0003149058182994333,120.637,120.65,120.6,5149698.5455,257,120.615,42689,97349.575,11,120.62,807
2019-04-12 14:11:00,120.635,0.0001741091415590296,120.63,20190412,120.645,2:11 PM,120.63,120.638,-0.0002734708422073344,120.63,120.65,120.62,4529951.848,224,120.64,37550,74552.275,7,120.64,618
2019-04-12 14:12:00,120.635,0.0001741091415590296,120.635,20190412,120.64,2:12 PM,120.62,120.641,-0.0002486098565521222,120.635,120.665,120.62,4583533.555,207,120.63,37993,44393.66,5,120.62,368
2019-04-12 14:13:00,120.625,9.120002653088099e-05,120.625,20190412,120.625,2:13 PM,120.625,120.619,-0.000430923751357051,120.625,120.625,120.605,1011752.4105,41,120.625,8388,241.25,2,120.625,2
2019-04-12 14:14:00,120.643,0.00024043643358147778,120.65,20190412,120.65,2:14 PM,120.63,120.643,-0.00023203586611535328,120.645,120.65,120.625,2816410.7446,154,120.63,23345,49704.8,8,120.63,412
2019-04-12 14:15:00,120.635,0.0001741091415590296,120.63,20190412,120.645,2:15 PM,120.63,120.638,-0.0002734708422073344,120.625,120.65,120.624,1112282.715,67,120.65,9220,36914.34,4,120.645,306
2019-04-12 14:16:00,120.641,0.00022385461057589518,120.64,20190412,120.645,2:16 PM,120.63,120.642,-0.0002403228613337966,120.65,120.65,120.624,2499694.2015,163,120.63,20720,91928.405,12,120.63,762
2019-04-12 14:17:00,120.665,0.00042283648664335756,120.665,20190412,120.665,2:17 PM,120.665,120.659,-9.944394262084887e-05,120.664,120.676,120.65,2674297.5056,88,120.66,22164,24133.0,2,120.665,200
2019-04-12 14:18:00,,,,20190412,,2:18 PM,,120.664,-5.800896652886776e-05,120.664,120.67,120.66,410377.1005,20,120.665,3401,0.0,0,,0
2019-04-12 14:19:00,120.648,0.0002818909910954932,120.6,20190412,120.67,2:19 PM,120.6,120.626,-0.00037291478482818325,120.59,120.67,120.588,6789709.3461,366,120.668,56287,121975.14,18,120.67,1011
2019-04-12 14:20:00,120.591,-0.00019069096456473001,120.6,20190412,120.6,2:20 PM,120.59,120.595,-0.0006298116365987487,120.597,120.6,120.59,3210609.6538,158,120.596,26623,13506.2,3,120.6,112
2019-04-12 14:21:00,120.595,-0.000157527318553447,120.61,20190412,120.61,2:21 PM,120.59,120.602,-0.000571802670069881,120.62,120.62,120.58,1685298.4813,102,120.6,13974,29907.54,5,120.59,248
2019-04-12 14:22:00,120.65,0.00029847281410119356,120.66,20190412,120.66,2:22 PM,120.63,120.648,-0.0001906008900233722,120.66,120.67,120.615,3940730.803,212,120.616,32663,128733.64,15,120.64,1067
2019-04-12 14:23:00,120.65,0.00029847281410119356,120.65,20190412,120.65,2:23 PM,120.65,120.628,-0.0003563407943914144,120.61,120.66,120.61,1602058.4645,84,120.66,13281,12065.0,1,120.65,100
2019-04-12 14:24:00,120.618,3.316364601116518e-05,120.62,20190412,120.63,2:24 PM,120.615,120.618,-0.00043921074657549434,120.61,120.63,120.61,1078568.2487,65,120.615,8942,26536.09,4,120.615,220
2019-04-12 14:25:00,120.625,9.120002653088099e-05,120.63,20190412,120.63,2:25 PM,120.62,120.627,-0.0003646277896098577,120.62,120.63,120.62,1353799.5662,82,120.62,11223,25934.45,5,120.62,215
2019-04-12 14:26:00,120.614,0.0,120.61,20190412,120.615,2:26 PM,120.61,120.555,-0.0009612914453348332,120.615,120.62,120.55,25909498.6466,121,120.62,214919,16644.78,3,120.615,138
2019-04-12 14:27:00,120.606,-6.6327292022566e-05,120.61,20190412,120.62,2:27 PM,120.59,120.607,-0.0005303676939778999,120.6,120.62,120.59,3345027.0141,203,120.61,27735,168366.235,14,120.605,1396
2019-04-12 14:28:00,120.565,-0.000406254663637775,120.55,20190412,120.6,2:28 PM,120.55,120.568,-0.0008535605074956587,120.56,120.6,120.54,5065660.6433,277,120.6,42015,99586.95,10,120.6,826
2019-04-12 14:29:00,120.574,-0.0003316364601124766,120.59,20190412,120.59,2:29 PM,120.565,120.575,-0.0007955515409667909,120.589,120.59,120.56,1542398.5505,80,120.564,12792,18327.25,7,120.565,152
2019-04-12 14:30:00,120.59,-0.0001989818760674624,120.59,20190412,120.59,2:30 PM,120.59,120.584,-0.0007209685840011543,120.59,120.593,120.57,2829383.8784,94,120.58,23464,16520.83,2,120.59,137
2019-04-12 14:31:00,120.572,-0.0003482182831180592,120.55,20190412,120.59,2:31 PM,120.55,120.574,-0.0008038385361852343,120.56,120.596,120.54,2433905.8398,148,120.59,20186,144686.455,13,120.59,1200
2019-04-12 14:32:00,120.567,-0.0003896728406321924,120.57,20190412,120.57,2:32 PM,120.555,120.556,-0.0009530044501165076,120.55,120.57,120.55,1107548.2825,68,120.55,9187,10851.025,5,120.555,90
2019-04-12 14:33:00,120.55,-0.000530618336179939,120.55,20190412,120.55,2:33 PM,120.55,120.554,-0.0009695784405532765,120.56,120.56,120.55,995050.4425,61,120.55,8254,5906.95,2,120.55,49
2019-04-12 14:34:00,120.578,-0.00029847281410119356,120.57,20190412,120.59,2:34 PM,120.56,120.576,-0.0007872645457484654,120.57,120.59,120.55,4600091.0977,230,120.56,38151,243204.925,14,120.565,2017
2019-04-12 14:35:00,120.565,-0.000406254663637775,120.55,20190412,120.58,2:35 PM,120.55,120.563,-0.0008949954835876399,120.555,120.58,120.55,1747923.9644,103,120.58,14498,61849.89,7,120.58,513
2019-04-12 14:36:00,120.563,-0.00042283648664335756,120.57,20190412,120.57,2:36 PM,120.56,120.561,-0.0009115694740244087,120.56,120.57,120.55,904328.5499,55,120.56,7501,36651.23,7,120.56,304
2019-04-12 14:37:00,120.577,-0.0003067637256040438,120.57,20190412,120.595,2:37 PM,120.57,120.578,-0.0007706905553115787,120.57,120.6,120.56,5887959.9784,338,120.563,48831,201966.66,15,120.57,1675
2019-04-12 14:38:00,120.56,-0.00044770922115179037,120.58,20190412,120.58,2:38 PM,120.55,120.559,-0.0009281434644612954,120.58,120.58,120.54,2708358.6799,157,120.57,22465,86200.25,8,120.56,715
2019-04-12 14:39:00,120.61,-3.3163646011283e-05,120.61,20190412,120.61,2:39 PM,120.61,120.605,-0.0005469416844146688,120.62,120.62,120.58,2104441.7351,107,120.59,17449,3015.25,1,120.61,25
2019-04-12 14:40:00,120.618,3.316364601116518e-05,120.625,20190412,120.625,2:40 PM,120.61,120.619,-0.000430923751357051,120.62,120.625,120.61,1161683.4922,69,120.62,9631,42216.25,6,120.625,350
2019-04-12 14:41:00,120.627,0.00010778184953646359,120.6,20190412,120.64,2:41 PM,120.6,120.62,-0.0004226367561386077,120.6,120.663,120.595,6711561.0328,408,120.62,55642,83835.59,12,120.615,695
2019-04-12 14:42:00,120.605,-7.461820352529839e-05,120.62,20190412,120.62,2:42 PM,120.6,120.609,-0.000513793703541131,120.623,120.63,120.591,2519045.39,159,120.6,20886,59337.425,12,120.6,492
2019-04-12 14:43:00,120.621,5.803638051959798e-05,120.62,20190412,120.63,2:43 PM,120.62,120.619,-0.000430923751357051,120.625,120.63,120.61,2155340.8762,110,120.625,17869,25692.19,5,120.63,213
2019-04-12 14:44:00,120.626,9.94909380337312e-05,120.64,20190412,120.64,2:44 PM,120.62,120.629,-0.00034805379917297104,120.62,120.64,120.61,1167573.1406,70,120.627,9679,61881.32,7,120.62,513
2019-04-12 14:45:00,120.621,5.803638051959798e-05,120.62,20190412,120.635,2:45 PM,120.6,120.618,-0.00043921074657549434,120.62,120.64,120.6,3257640.249,202,120.62,27008,75267.24,12,120.62,624
2019-04-12 14:46:00,120.606,-6.6327292022566e-05,120.595,20190412,120.615,2:46 PM,120.595,120.604,-0.0005552286796331121,120.59,120.62,120.59,1536254.3315,87,120.62,12738,99017.935,17,120.615,821
2019-04-12 14:47:00,120.593,-0.0001741091415590296,120.595,20190412,120.6,2:47 PM,120.59,120.591,-0.0006629596174724043,120.591,120.6,120.58,1965883.3574,115,120.59,16302,22189.08,6,120.59,184
2019-04-12 14:48:00,120.602,-9.94909380337312e-05,120.61,20190412,120.61,2:48 PM,120.595,120.6,-0.0005883766605067677,120.61,120.61,120.58,2306590.54,122,120.6,19126,27617.775,5,120.595,229
2019-04-12 14:49:00,120.624,8.290911502803078e-05,120.615,20190412,120.64,2:49 PM,120.6,120.623,-0.00039777577048339546,120.615,120.64,120.6,1176072.1655,68,120.61,9750,69117.375,9,120.62,573
2019-04-12 14:50:00,120.622,6.632729202244819e-05,120.63,20190412,120.63,2:50 PM,120.62,120.62,-0.0004226367561386077,120.626,120.63,120.601,1357096.2981,60,120.613,11251,75388.7,9,120.62,625
2019-04-12 14:51:00,120.628,0.00011607276103931379,120.625,20190412,120.63,2:51 PM,120.625,120.623,-0.00039777577048339546,120.625,120.64,120.61,1848066.4966,88,120.62,15321,18094.155,4,120.625,150
2019-04-12 14:52:00,120.61,-3.3163646011283e-05,120.61,20190412,120.625,2:52 PM,120.6,120.608,-0.0005220806987594566,120.605,120.62,120.6,1232492.465,81,120.62,10219,65008.98,9,120.625,539
2019-04-12 14:53:00,120.592,-0.0001824000530618798,120.58,20190412,120.615,2:53 PM,120.58,120.605,-0.0005469416844146688,120.58,120.62,120.58,1388046.678,89,120.61,11509,40157.1,11,120.61,333
2019-04-12 14:54:00,120.585,-0.0002404364335815956,120.59,20190412,120.59,2:54 PM,120.575,120.584,-0.0007209685840011543,120.58,120.59,120.57,1003743.2502,57,120.585,8324,213073.315,17,120.585,1767
2019-04-12 14:55:00,120.588,-0.0002155636990731628,120.585,20190412,120.6,2:55 PM,120.585,120.588,-0.0006878206031276165,120.59,120.6,120.57,3061486.1555,162,120.59,25388,132767.69,10,120.59,1101
2019-04-12 14:56:00,120.591,-0.00019069096456473001,120.595,20190412,120.6,2:56 PM,120.58,120.593,-0.0006463856270355177,120.595,120.6,120.58,3130244.82,138,120.58,25957,272897.51,14,120.585,2263
2019-04-12 14:57:00,120.596,-0.00014923640705059678,120.575,20190412,120.6,2:57 PM,120.575,120.59,-0.0006712466126907299,120.565,120.6,120.56,3299694.808,144,120.6,27363,892049.715,21,120.595,7397
2019-04-12 14:58:00,120.565,-0.000406254663637775,120.565,20190412,120.565,2:58 PM,120.565,120.564,-0.0008867084883693142,120.565,120.57,120.56,253185.37,19,120.56,2100,16155.71,2,120.565,134
2019-04-12 14:59:00,120.576,-0.000315054637106894,120.58,20190412,120.585,2:59 PM,120.57,120.579,-0.0007624035600932532,120.582,120.59,120.56,1884884.9915,84,120.56,15632,48712.82,6,120.57,404
2019-04-12 15:00:00,120.59,-0.0001989818760674624,120.59,20190412,120.59,3 PM,120.59,120.588,-0.0006878206031276165,120.58,120.595,120.58,1335753.9146,78,120.582,11077,48838.95,6,120.59,405
2019-04-12 15:01:00,120.584,-0.000248727345084328,120.59,20190412,120.595,3:01 PM,120.58,120.585,-0.0007126815887828288,120.59,120.595,120.578,2422674.7224,99,120.59,20091,64391.82,6,120.595,534
2019-04-12 15:02:00,120.586,-0.0002321455220787454,120.58,20190412,120.595,3:02 PM,120.58,120.588,-0.0006878206031276165,120.57,120.6,120.57,5193351.176,235,120.6,43067,45702.02,4,120.595,379
2019-04-12 15:03:00,120.575,-0.00032334554860962637,120.57,20190412,120.58,3:03 PM,120.57,120.572,-0.0008204125266220032,120.57,120.58,120.56,910198.0902,47,120.577,7549,28696.85,4,120.58,238
2019-04-12 15:04:00,120.571,-0.00035650919462090937,120.575,20190412,120.575,3:04 PM,120.57,120.571,-0.0008286995218404465,120.57,120.58,120.561,1702228.0198,86,120.561,14118,62214.62,3,120.57,516
2019-04-12 15:05:00,120.56,-0.00044770922115179037,120.56,20190412,120.56,3:05 PM,120.56,120.561,-0.0009115694740244087,120.565,120.571,120.55,3005825.3648,147,120.571,24932,48224.0,5,120.56,400
2019-04-12 15:06:00,120.572,-0.0003482182831180592,120.565,20190412,120.59,3:06 PM,120.565,120.57,-0.0008369865170588898,120.55,120.6,120.55,4306416.0599,256,120.565,35717,37256.77,5,120.58,309
2019-04-12 15:07:00,120.567,-0.0003896728406321924,120.57,20190412,120.57,3:07 PM,120.56,120.561,-0.0009115694740244087,120.55,120.58,120.55,1734035.64,99,120.55,14383,75836.53,7,120.56,629
2019-04-12 15:08:00,120.555,-0.0004891637786658058,120.56,20190412,120.56,3:08 PM,120.55,120.555,-0.0009612914453348332,120.566,120.566,120.545,4812565.1652,168,120.56,39920,94515.04,9,120.56,784
2019-04-12 15:09:00,120.564,-0.00041454557514062517,120.57,20190412,120.57,3:09 PM,120.56,120.569,-0.0008452735122772154,120.555,120.58,120.555,1392450.5595,95,120.57,11549,24595.08,4,120.56,204
2019-04-12 15:10:00,120.566,-0.0003979637521349248,120.57,20190412,120.57,3:10 PM,120.565,120.578,-0.0007706905553115787,120.58,120.59,120.56,2114337.0428,112,120.56,17535,48226.5,3,120.565,400
2019-04-12 15:11:00,120.587,-0.00022385461057589518,120.59,20190412,120.59,3:11 PM,120.58,120.586,-0.0007043945935643855,120.59,120.6,120.575,2331534.885,126,120.575,19335,43411.31,8,120.58,360
2019-04-12 15:12:00,120.608,-4.97454690168656e-05,120.61,20190412,120.61,3:12 PM,120.605,120.606,-0.0005386546891963432,120.605,120.62,120.59,3485517.7758,144,120.59,28900,48846.05,8,120.605,405
2019-04-12 15:13:00,120.618,3.316364601116518e-05,120.63,20190412,120.63,3:13 PM,120.6,120.614,-0.00047235872744903214,120.61,120.64,120.595,4189037.9037,196,120.61,34731,38959.8,4,120.6,323
2019-04-12 15:14:00,120.611,-2.48727345084328e-05,120.605,20190412,120.62,3:14 PM,120.595,120.605,-0.0005469416844146688,120.61,120.62,120.59,3560850.9586,113,120.614,29525,183570.245,8,120.615,1522
2019-04-12 15:15:00,120.603,-9.120002653099881e-05,120.605,20190412,120.61,3:15 PM,120.6,120.602,-0.000571802670069881,120.59,120.62,120.59,2455329.0904,85,120.61,20359,41608.225,5,120.6,345
2019-04-12 15:16:00,120.602,-9.94909380337312e-05,120.61,20190412,120.61,3:16 PM,120.59,120.603,-0.0005635156748515555,120.605,120.616,120.59,1729931.3325,91,120.597,14344,58250.63,7,120.59,483
2019-04-12 15:17:00,120.607,-5.8036380519715805e-05,120.62,20190412,120.62,3:17 PM,120.605,120.617,-0.00044749774179381993,120.62,120.62,120.6,1800572.78,108,120.61,14928,51619.86,5,120.605,428
2019-04-12 15:18:00,120.625,9.120002653088099e-05,120.61,20190412,120.63,3:18 PM,120.61,120.619,-0.000430923751357051,120.615,120.63,120.61,1582402.4091,89,120.625,13119,39806.41,5,120.62,330
2019-04-12 15:19:00,120.627,0.00010778184953646359,120.65,20190412,120.65,3:19 PM,120.615,120.631,-0.00033147980873620217,120.635,120.65,120.61,2844839.3663,149,120.61,23583,77924.79,9,120.615,646
2019-04-12 15:20:00,120.632,0.00014923640705059678,120.63,20190412,120.64,3:20 PM,120.63,120.635,-0.0002983318278625466,120.635,120.64,120.63,1534601.4122,111,120.63,12721,52957.47,5,120.63,439
2019-04-12 15:21:00,120.625,9.120002653088099e-05,120.63,20190412,120.63,3:21 PM,120.61,120.625,-0.0003812017800466266,120.64,120.645,120.61,4356129.2807,228,120.63,36113,157054.24,9,120.63,1302
2019-04-12 15:22:00,120.632,0.00014923640705059678,120.635,20190412,120.64,3:22 PM,120.62,120.63,-0.0003397668039546455,120.62,120.64,120.62,5085903.5047,262,120.64,42161,133057.355,12,120.62,1103
2019-04-12 15:23:00,120.653,0.00032334554860962637,120.66,20190412,120.665,3:23 PM,120.625,120.65,-0.00017402689958648552,120.653,120.67,120.62,5289539.9369,247,120.624,43842,134890.16,14,120.625,1118
2019-04-12 15:24:00,120.656,0.0003482182831180592,120.66,20190412,120.66,3:24 PM,120.65,120.653,-0.0001491659139312733,120.66,120.666,120.64,4322273.4569,193,120.66,35824,39937.15,4,120.65,331
2019-04-12 15:25:00,120.661,0.00038967284063207456,120.66,20190412,120.67,3:25 PM,120.65,120.663,-6.629596174731109e-05,120.655,120.675,120.65,8914250.7326,219,120.657,73877,82170.475,9,120.65,681
2019-04-12 15:26:00,120.658,0.00036480010612364175,120.665,20190412,120.665,3:26 PM,120.65,120.656,-0.0001243049282760611,120.67,120.67,120.64,4303577.849,236,120.67,35668,106179.4,8,120.665,880
2019-04-12 15:27:00,120.665,0.00042283648664335756,120.68,20190412,120.68,3:27 PM,120.655,120.664,-5.800896652886776e-05,120.666,120.68,120.65,4077474.5895,235,120.665,33792,37406.1,4,120.655,310
2019-04-12 15:28:00,120.672,0.00048087286716295556,120.67,20190412,120.68,3:28 PM,120.66,120.671,0.0,120.68,120.685,120.66,3766879.7404,200,120.66,31216,46458.7,6,120.66,385
2019-04-12 15:29:00,120.692,0.000646691097219135,120.705,20190412,120.71,3:29 PM,120.68,120.701,0.0002486098565520044,120.71,120.725,120.67,8480672.6204,348,120.68,70262,144105.81,11,120.68,1194
2019-04-12 15:30:00,120.698,0.0006964365662360005,120.7,20190412,120.72,3:30 PM,120.685,120.707,0.0002983318278624288,120.695,120.73,120.68,6444655.8354,243,120.71,53391,95592.815,10,120.69,792
2019-04-12 15:31:00,120.705,0.0007544729467557163,120.71,20190412,120.71,3:31 PM,120.7,120.716,0.0003729147848280655,120.71,120.733,120.69,3435701.4689,212,120.7,28461,25468.81,4,120.71,211
2019-04-12 15:32:00,120.716,0.0008456729732865974,120.71,20190412,120.72,3:32 PM,120.71,120.716,0.0003729147848280655,120.71,120.73,120.7,2606733.5604,142,120.715,21594,50459.46,6,120.72,418
2019-04-12 15:33:00,120.72,0.0008788366192978804,120.72,20190412,120.74,3:33 PM,120.72,120.728,0.00047235872744891434,120.72,120.744,120.705,5570518.0719,250,120.71,46141,36698.96,4,120.72,304
2019-04-12 15:34:00,120.704,0.0007461820352528661,120.705,20190412,120.725,3:34 PM,120.69,120.69,0.00015745290914959888,120.701,120.73,120.684,15195024.0542,230,120.72,125901,130360.47,13,120.69,1080
2019-04-12 15:35:00,120.693,0.0006549820087219852,120.69,20190412,120.705,3:35 PM,120.69,120.698,0.0002237488708967922,120.7,120.71,120.68,3030478.1181,179,120.7,25108,38380.48,5,120.705,318
2019-04-12 15:36:00,120.69,0.0006301092742135524,120.69,20190412,120.69,3:36 PM,120.69,120.683,9.944394262084887e-05,120.675,120.7,120.66,2951171.532,133,120.69,24454,24138.0,2,120.69,200
2019-04-12 15:37:00,120.705,0.0007544729467557163,120.72,20190412,120.72,3:37 PM,120.68,120.693,0.00018231389480481109,120.72,120.72,120.675,4882287.2331,217,120.675,40452,72422.97,7,120.68,600
2019-04-12 15:38:00,120.738,0.0010280730263484772,120.76,20190412,120.76,3:38 PM,120.71,120.736,0.0005386546891962254,120.765,120.77,120.71,5536809.9598,321,120.72,45859,112648.73,11,120.725,933
2019-04-12 15:39:00,120.794,0.00149236407050585,120.8,20190412,120.8,3:39 PM,120.77,120.779,0.0008949954835875221,120.8,120.8,120.76,6214799.26,339,120.77,51456,49284.18,6,120.77,408
2019-04-12 15:40:00,120.803,0.0015669822740311484,120.81,20190412,120.81,3:40 PM,120.8,120.798,0.0010524483927372387,120.8,120.82,120.78,5143447.3376,247,120.79,42579,36724.24,4,120.8,304
2019-04-12 15:41:00,120.8,0.0015421095395227156,120.8,20190412,120.8,3:41 PM,120.8,120.791,0.0009944394262083709,120.78,120.81,120.773,3399303.0128,141,120.8,28142,12080.0,1,120.8,100
2019-04-12 15:42:00,120.787,0.0014343276899862522,120.79,20190412,120.79,3:42 PM,120.78,120.788,0.0009695784405531588,120.78,120.8,120.78,4506844.9858,214,120.78,37312,48315.0,4,120.78,400
2019-04-12 15:43:00,120.79,0.001459200424494685,120.79,20190412,120.8,3:43 PM,120.78,120.796,0.0010358744023004698,120.79,120.81,120.78,3244223.0932,183,120.79,26857,53268.39,6,120.79,441
2019-04-12 15:44:00,120.796,0.0015089458935115506,120.8,20190412,120.8,3:44 PM,120.78,120.793,0.0010110134166452576,120.79,120.8,120.78,2565894.4845,137,120.79,21242,51579.74,5,120.795,427
2019-04-12 15:45:00,120.785,0.0014177458669805518,120.775,20190412,120.795,3:45 PM,120.775,120.784,0.0009364304596796209,120.775,120.8,120.77,5363522.3847,262,120.787,44406,99043.6,8,120.795,820
2019-04-12 15:46:00,120.732,0.0009783275573316116,120.74,20190412,120.74,3:46 PM,120.73,120.744,0.0006049506509434188,120.743,120.775,120.72,4361876.3649,228,120.771,36125,79321.13,8,120.735,657
2019-04-12 15:47:00,120.774,0.0013265458404496707,120.8,20190412,120.8,3:47 PM,120.75,120.773,0.0008452735122770976,120.8,120.8,120.75,6215343.2054,235,120.75,51463,54589.77,7,120.75,452
2019-04-12 15:48:00,120.785,0.0014177458669805518,120.79,20190412,120.79,3:48 PM,120.78,120.79,0.0009861524309900454,120.78,120.8,120.78,2194748.9682,133,120.79,18170,48314.0,4,120.79,400
2019-04-12 15:49:00,120.773,0.0013182549289468205,120.79,20190412,120.79,3:49 PM,120.76,120.77,0.0008204125266218854,120.78,120.79,120.75,3073973.0768,176,120.78,25453,79227.02,12,120.785,656
2019-04-12 15:50:00,120.738,0.0010280730263484772,120.7,20190412,120.77,3:50 PM,120.7,120.743,0.0005966636557249755,120.705,120.79,120.7,4560816.5214,264,120.78,37773,108664.5,10,120.77,900
2019-04-12 15:51:00,120.696,0.000679854743230418,120.69,20190412,120.71,3:51 PM,120.69,120.694,0.00019060089002325442,120.675,120.72,120.675,6462828.1869,372,120.7,53547,106212.3,10,120.69,880
2019-04-12 15:52:00,120.674,0.000497454690168656,120.65,20190412,120.69,3:52 PM,120.65,120.67,-8.286995218443328e-06,120.65,120.695,120.64,4631307.1678,289,120.68,38380,80610.53,10,120.68,668
2019-04-12 15:53:00,120.704,0.0007461820352528661,120.75,20190412,120.75,3:53 PM,120.65,120.697,0.00021546187567846663,120.75,120.75,120.65,8525682.4611,534,120.65,70637,189384.14,18,120.65,1569
2019-04-12 15:54:00,120.751,0.0011358548758850584,120.72,20190412,120.765,3:54 PM,120.71,120.728,0.00047235872744891434,120.72,120.78,120.69,6529915.4781,420,120.745,54088,59650.94,6,120.75,494
2019-04-12 15:55:00,120.767,0.001268509459929955,120.78,20190412,120.84,3:55 PM,120.72,120.804,0.001102170364047663,120.78,120.88,120.715,23728037.4802,1289,120.72,196418,584030.51,35,120.72,4836
2019-04-12 15:56:00,120.781,0.0013845822209693865,120.815,20190412,120.815,3:56 PM,120.77,120.784,0.0009364304596796209,120.815,120.82,120.76,8365417.4106,474,120.78,69259,124404.55,13,120.785,1030
2019-04-12 15:57:00,120.802,0.0015586913625284162,120.8,20190412,120.83,3:57 PM,120.785,120.805,0.0011104573592661065,120.79,120.83,120.78,11254296.4898,574,120.82,93161,223724.81,21,120.82,1852
2019-04-12 15:58:00,120.814,0.0016581823005620295,120.83,20190412,120.845,3:58 PM,120.79,120.818,0.001218188297105281,120.855,120.855,120.78,18240741.7145,873,120.79,150977,218189.55,21,120.8,1806
2019-04-12 15:59:00,120.875,0.0021639279022335357,120.95,20190412,120.95,3:59 PM,120.845,120.909,0.001972304861980091,120.96,120.98,120.83,53915358.8067,1925,120.855,445916,426447.925,32,120.86,3528
